,bio,followers,following,private,verified,post_count,mutual,highlight_count,recently_joined,username,following_back
samkeim,gcsu ‘23,731,725,True,False,10,230,0,False,samkeim,1
brooksbryant,"Mississippi State PGM
@msubarstool",977,915,False,False,13,219,0,False,brooksbryant,1
fisher_rossman,AU’23,851,750,False,False,11,191,1,False,fisher_rossman,1
jack_powers35,Passion takes patients GCSU’23,368,360,False,False,6,150,0,False,jack_powers35,1
michael_washburne,snap: moosew_3,409,395,False,False,1,180,0,False,michael_washburne,1
camcochran9,Reinhardt university lacrosse #1 Romans 8:18.,917,337,True,False,13,167,0,False,camcochran9,1
ncschenken,UGA ‘23,331,214,True,False,2,164,0,False,ncschenken,1
jcwashburne,,23,21,True,False,0,15,0,False,jcwashburne,1
allu.phi,Pure yoy gcsu,992,871,True,False,16,111,4,False,allu.phi,1
shelbystockk,UTK! XO! ACTS 20:24!,1779,1094,False,False,235,218,8,False,shelbystockk,1
gramclaud,,199,327,True,False,2215,16,0,False,gramclaud,1
jackson.mcgill,FCS Class of 2020                                          GT 2024,197,288,True,False,13,66,0,False,jackson.mcgill,1
skylarbh13,"SC: skylarbh_13
GCSU 22 ATΩ",378,362,True,False,43,72,0,False,skylarbh13,1
anderson_reedy,GT ‘23,409,634,False,False,126,109,4,False,anderson_reedy,1
carokeim,AUBURN AΔΠ ☺�,2634,1273,False,False,367,179,7,False,carokeim,1
_he_shoots_andy_scores_,get it... it's a sports pun cuz I definitely play those,67,75,True,False,154,19,1,False,_he_shoots_andy_scores_,1
riley.burke21,Clemson University ‘23,825,601,True,False,24,18,0,False,riley.burke21,1
livrickheim,"Salt Model & Talent ATL                               
@saltmodel @madeleinealmering",3500,327,False,False,88,162,3,False,livrickheim,1
patti4546,,165,436,True,False,128,11,0,False,patti4546,1
madisonwilsonn,clemson ��,904,672,True,False,83,21,0,False,madisonwilsonn,1
julian2036,"CSCS Performance Coach & Trainer @ SFXFitness in Roswell, GA, Pn1 Certified Nutrition Coach & Freeze Sleeve Distributor
julian@sfxfitness.com for info",576,627,False,False,764,7,1,False,julian2036,1
zroyvis,"I am a retired advertising photographer.
Living the dream of living on a lake.",348,574,False,False,71,14,0,False,zroyvis,1
i_cant_reed__,Buddy I’m the dragon warrior,137,277,True,False,320,35,0,False,i_cant_reed__,1
davidrenfrow,UGA ‘23,947,622,False,False,14,202,0,False,davidrenfrow,1
edwardstorey_,"computer & media enthusiast • ��/��
gt ‘23 � • ΑΣΦ
�������������
~ sc: edwardstorey",294,440,True,False,32,80,0,False,edwardstorey_,1
dawson.carey,UTK ‘23�| John 16:33| Snap: dawsonc8,424,422,False,False,11,142,0,False,dawson.carey,1
zdschenken,,767,673,False,False,12,111,0,False,zdschenken,1
bo_wynn,Renaissance man,665,621,True,False,11,38,0,False,bo_wynn,1
jgsmith0522,Married.Mom.Lifeisgood.,158,233,True,False,1015,9,0,False,jgsmith0522,1
reedbott8,The Citadel 23’,784,499,True,False,14,190,2,False,reedbott8,1
codydturner,I know this sticker is inconvenient but I do love fig newtons,1305,1507,True,False,132,13,0,False,codydturner,1
thebradymoore,"“I know what I’m about, son” �",361,885,True,False,2038,65,0,False,thebradymoore,1
williamkreikemeier,,321,465,False,False,7,119,0,False,williamkreikemeier,1
emmmm.ily,"Humble, with just a hint of Kanye",148,438,True,False,111,10,1,False,emmmm.ily,1
edkrajsky,,271,318,True,False,62,3,0,False,edkrajsky,1
ellie.jacksonnn,,937,818,False,False,118,164,7,False,ellie.jacksonnn,1
cassidytardif,FCS /// sc: cassie_tardif,632,795,False,False,77,114,3,False,cassidytardif,1
alan_swavely,SC: a-sway • CU ‘23 • ρρρ,573,511,False,False,49,56,0,False,alan_swavely,1
catestroud,||ATL|| live a little and always yell go dawgs!!,1112,1063,False,False,81,155,6,False,catestroud,1
skeater_bug_44,"I love hockey, lacrosse, music, and hanging out with my friends",358,777,True,False,39,8,0,False,skeater_bug_44,1
bennett.mckinney,Cruising through spatial existence and surfing cosmic rays. ������☄���,187,201,True,False,1024,51,2,False,bennett.mckinney,1
drakevahey,Kentucky '20 // ΘΧ,620,624,True,False,38,47,0,False,drakevahey,1
jeubanks_55,"FCS ‘19   UTK ‘23
Go Vols!
� �‍♂� �",773,1447,True,False,32,150,0,False,jeubanks_55,1
g_mo_27,,378,1108,True,False,12,74,0,False,g_mo_27,1
sergio_fas,Don't let your life be set by other people's boundaries,277,230,False,False,7,108,0,False,sergio_fas,1
dianarossman1997,"Mom to Fisher,Pierce and Prescott.Wife of Scott. Follower of Jesus!",454,502,True,False,427,31,0,False,dianarossman1997,1
cmcclung_78,GEAUX TIGERS,727,527,True,False,8,139,0,False,cmcclung_78,1
willcovington9,Clemson 22’ || Fiji,543,676,True,False,7,18,0,False,willcovington9,1
marylizcov,,974,827,False,False,31,17,1,False,marylizcov,1
chasecochran,Samford Sports Digital and Creative media. Love what I do so it's not really working,193,246,False,False,30,20,0,False,chasecochran,1
reidrobinson__,Mark 12:30-31,1113,1835,True,False,20,201,0,False,reidrobinson__,1
s.i.mcfarland,Georgia Tech,1159,1046,True,False,6,16,0,False,s.i.mcfarland,1
simibhop,���,336,366,True,False,14,50,0,False,simibhop,1
ethan_risley,,319,288,False,False,66,38,0,False,ethan_risley,1
jdsmith4891,,482,2183,True,False,159,12,0,False,jdsmith4891,1
ford.hardwick,LSU | ΑΓΡ,872,828,False,False,6,115,0,False,ford.hardwick,1
stayingchipper,,344,483,True,False,101,18,0,False,stayingchipper,1
louden_hickman,,318,456,True,False,9,29,0,False,louden_hickman,1
thelansdenschmidt,,852,666,False,False,41,63,1,False,thelansdenschmidt,1
medictent_,"The doctor will be with you shortly, please take a seat",478,476,False,False,7,3,0,False,medictent_,1
katelyngbond,uga ♥ zta,1136,1232,True,False,159,119,6,False,katelyngbond,1
stevio_does_memeios,A Picture With No Ankles.... How Fitting,69,77,False,False,17,43,0,False,stevio_does_memeios,1
aminkert44,Just living my best life. iSEX! Follower of Jesus. Love my family. 21’ yrs old�. UGA 2021. GO DAWGS�!  MAGA�� #Trump2020,224,470,False,False,7,48,3,False,aminkert44,1
masonr54,Isaiah 40:31 /// UTC 2022 � /// BYX ���,650,729,True,False,184,138,0,False,masonr54,1
ethan_bensman,tic-tac-toe savant,711,692,True,False,15,5,0,False,ethan_bensman,1
aheffner24,"-KSU Alum.�
-Woodstock, GA�",1278,656,False,False,139,3,0,False,aheffner24,1
alexmcfarland12,Georgia | Clemson,863,834,True,False,27,27,0,False,alexmcfarland12,1
abidegatherings,"Abide is a gathering of people connecting, remaining, dwelling and continuing in who God is and who we are to God.",126,357,False,False,198,13,0,False,abidegatherings,1
emily._.armstrong,"YL 
SNC ‘23
|SC: emily9876545|",1069,1507,False,False,19,14,4,False,emily._.armstrong,1
benharris_13,"John 16:33
UGA Baseball '22",604,444,True,False,2,29,0,False,benharris_13,1
max.karetny,FCS 2020,340,593,True,False,19,108,0,False,max.karetny,1
jseidler99,�UMD '21�| �� | Maryland |                          @medictent_,820,833,True,False,102,5,2,False,jseidler99,1
tsmatthesen,GA | Clemson '20,612,601,True,False,41,46,0,False,tsmatthesen,1
mattycurtis08,Zz,1266,1369,False,False,109,22,1,False,mattycurtis08,1
michael_schenken,,340,472,True,False,3,161,0,False,michael_schenken,1
holdenmcclung,,119,344,True,False,0,34,0,False,holdenmcclung,1
jbenjaminward,,510,561,True,False,25,70,7,False,jbenjaminward,1
double.crewed.up.on.a.thursday,"ρρρ
Not the meme account we deserved, but the meme account we needed",76,72,False,False,6,49,0,False,double.crewed.up.on.a.thursday,1
dillon_olsen1,1 Samuel 16:7 // Clemson ‘23�,1558,1534,True,False,18,61,2,False,dillon_olsen1,1
hollislayton,"family traitor ‘24
hug enthusiast ☆ nap activist ☆ water connoisseur",1011,1153,False,False,69,178,7,False,hollislayton,1
ismith_38,clemson,711,746,False,False,21,24,0,False,ismith_38,1
bnix_8,"Love Naps. Stay Woke.
CU ‘23 �",697,844,True,False,44,21,0,False,bnix_8,1
elizaguthrie21,sc:elizaguthrie21,758,727,True,False,30,158,1,False,elizaguthrie21,1
trevor.i.lewis,���,802,491,False,False,7,133,0,False,trevor.i.lewis,1
fowlerstephens,"showmewherethebiblesaythoushallnotball
gasouthern'23",848,539,False,False,44,92,0,False,fowlerstephens,1
johnalexander.6,Ole miss ‘23,578,566,True,False,6,16,0,False,johnalexander.6,1
douglas.davidson,"Joshua 1:9
Clemson | FIJI",1939,1015,False,False,227,42,0,False,douglas.davidson,1
goduke1015,�,750,1610,True,False,28,107,0,False,goduke1015,1
canthannelme,,87,59,False,False,6,11,2,False,canthannelme,1
kyle_maney,"Ole Miss ΣΧ / Roswell, GA",1696,1411,True,False,8,150,0,False,kyle_maney,1
m_stroodle,Clemson Crew '20,884,881,True,False,164,55,0,False,m_stroodle,1
cjaxson123,,449,392,False,False,20,128,3,False,cjaxson123,1
w.stax1,God Bless and Go Eagles                             Sc:stax.will,1776,1590,False,False,33,36,5,False,w.stax1,1
billrowse,,180,588,True,False,98,7,1,False,billrowse,1
joegit4,ΒΘΠ | Clemson Lacrosse,868,996,True,False,17,17,0,False,joegit4,1
tiffany.tacquard,10/6/18� @austinmichael123_ �,990,787,True,False,26,48,18,False,tiffany.tacquard,1
mitchell___robinson,Clemson,1037,1023,True,False,51,25,0,False,mitchell___robinson,1
jtilinski,KSU,321,440,True,False,2,150,0,False,jtilinski,1
gayewashburne,,173,210,True,False,120,52,0,False,gayewashburne,1
parkeraddison1,FSU ‘23,474,467,True,False,1,172,0,False,parkeraddison1,1
drewlandefeld,"Atlanta, GA• Varsity Rower • Clemson Class of ‘23 Pre-Med/Microbiology",166,190,True,False,33,45,0,False,drewlandefeld,1
billy_mccurry,@dryscoopingonly ���,696,601,True,False,5,142,0,False,billy_mccurry,1
willrpaulus,Cambridge ‘21 | Georgia Jackets Baseball,634,627,True,False,6,40,0,False,willrpaulus,1
rachelevaaa,"utc ‘23 || ATL
girl almighty",817,970,True,False,130,37,7,False,rachelevaaa,1
lilliewardd,,920,778,False,False,33,186,0,False,lilliewardd,1
avery.hickman,auburn ‘23 // chi o,1753,1915,False,False,253,197,0,False,avery.hickman,1
jacobkenfield,"Johns Creek, GA. Clemson ‘23",1155,943,True,False,29,33,0,False,jacobkenfield,1
grahamolmsted22,sc-golmsted1,824,616,True,False,14,20,0,False,grahamolmsted22,1
eli_2262,,621,771,True,False,7,164,0,False,eli_2262,1
camerongill27,Be great where your feet are. Wofford Baseball ‘23. Romans 1:16,1112,1803,True,False,64,236,0,False,camerongill27,1
laura_a_manning_,"Fort Mill, SC 
Clemson ‘22 CSM",345,399,True,False,9,58,0,False,laura_a_manning_,1
miles195,Clemson. Civil Engineering. ΦΜΑ.,613,860,False,False,120,35,0,False,miles195,1
r__stax,Milton xx IMG,1677,1748,True,False,0,15,16,False,r__stax,1
sarahgraceeyl,"Rest easy Alec 10•3•18 <3
WHS
Cross country and track 
AA hunters and 1D barrel racing
North Georgia Goldrush 2–1-17
Not your baby ��",529,437,True,False,7,43,6,False,sarahgraceeyl,1
tadaycock,CENTER @ GEORGIA TECH,1350,1053,False,False,48,163,1,False,tadaycock,1
lucyrsd,,922,427,False,False,29,25,0,False,lucyrsd,1
meghannjonovich,nj // @axoclemson,1441,974,False,False,75,55,3,False,meghannjonovich,1
danhiggins12,Clemson,593,559,True,False,4,15,0,False,danhiggins12,1
laurahannel,,141,153,True,False,149,15,0,False,laurahannel,1
ktarm5,Enjoy!!,119,201,True,False,63,11,0,False,ktarm5,1
e_jmiller,KSU ‘23,589,560,True,False,11,125,0,False,e_jmiller,1
wesley_nichols,Clemson ‘23,391,469,True,False,27,50,0,False,wesley_nichols,1
jmarbut,"Sheboygan, Wisconsin",1494,1594,True,False,73,1,0,False,jmarbut,1
joshabs18,Clemson '19 �Clemson Crew�~Go Tigs~,427,624,True,False,23,32,0,False,joshabs18,1
acmclemson,,52,46,False,False,9,4,0,False,acmclemson,1
tedkeim72,,116,168,True,False,60,28,0,False,tedkeim72,1
drew_fiscus,"╭━┳━╭━╭━╮╮
┃┈┈┈┣▅╋▅┫┃
┃┈┃┈╰━╰━━━━━━╮
╰┳╯┈┈┈┈┈┈┈┈┈◢▉◣
╲┃┈┈┈┈┈┈┈┈┈┈▉▉▉
╲┃┈┈┈┈┈┈┈┈┈┈◥▉◤
╲┃┈┈┈┈╭━┳━━━━╯
╲┣━━━━━━┫ 
Varsity lax #18 ~ FCS 2020",519,524,True,False,44,132,0,False,drew_fiscus,1
emmaaa_cole,utk ‘23,1392,1004,True,False,169,198,0,False,emmaaa_cole,1
brady_niblock12,If you really want to do something you'll find a way and if you don't u will find an excuse.          sc: bradyniblock12,881,998,False,False,40,192,0,False,brady_niblock12,1
katebuchweitz,be kind anyway                                                       � u of a ΔΔΔ,1679,1112,False,False,89,206,7,False,katebuchweitz,1
shelbystock2,Nice!,142,172,True,False,446,28,0,False,shelbystock2,1
rrrtrey15,Auburn University,1066,790,True,False,49,156,0,False,rrrtrey15,1
jack_gabriel,Clemson ‘23,1020,679,True,False,10,36,0,False,jack_gabriel,1
garrett.hau_,FCS ‘21//Sc: ghauenstein_25,1006,747,False,False,13,158,0,False,garrett.hau_,1
livvymarks,University of Tennessee ‘23,914,1033,True,False,39,175,0,False,livvymarks,1
pkbullington,"Pastor/Mentor, High School Bible teacher, Missions Director. Follow me @donsverses for a daily Bible verse and devotional thought.",630,646,True,False,395,81,0,False,pkbullington,1
erikkuy8,,1143,1462,False,False,19,31,1,False,erikkuy8,1
noah.dryden,,966,881,True,False,24,171,0,False,noah.dryden,1
cjfuller_official,"Clemson '22 
ACM Co-President 
ITSAB 2019-2022
@thereachprojectsc
Genesis 50:20
Just trying to put the yummy in the bag",804,1362,False,False,18,6,6,False,cjfuller_official,1
teddykeim5,gcsu '22 | Putnam YL | ATΩ | Cole�,1747,1263,False,False,115,183,1,False,teddykeim5,1
ethan.cox18,,228,280,True,False,4,50,0,False,ethan.cox18,1
wesleybullington,"""He don't want to die. He wants to live. Don't nobody want to die, ever."" 
-James Baldwin, Sonny's Blues
UGA '21 Writer!",625,585,True,False,0,93,0,False,wesleybullington,1
benquisito,atlanta | tennessee delt,1155,1028,False,False,27,19,1,False,benquisito,1
merrickhaigler,Organ Donor,1560,1203,False,False,29,191,0,False,merrickhaigler,1
jackabertini,"Clemson ‘23 
Old account hacked",208,298,False,False,1,2,0,False,jackabertini,1
riley_bennett34,"#34 MPCS 2021�⚪�� 
#15 3D Georgia 
Snap: Bennett-Riley",433,524,True,False,6,9,0,False,riley_bennett34,1
hwmelrose,scad '22 — Pale Blue Moon Fundraiser,932,1122,False,False,59,88,3,False,hwmelrose,1
ryan_marshh,FCS 23’ �amosc-ryan_marsh23,523,768,True,False,0,69,0,False,ryan_marshh,1
kyle_carey_00,FCS  ‘22⚾�Baseball⚾�,256,389,True,False,1,57,0,False,kyle_carey_00,1
ajnardone,Lee U ‘23,382,412,True,False,5,136,2,False,ajnardone,1
graham.meyer,"clemson ‘23 ★ nashville
sc: grahammeyer21                                                    @grahamfitfood",903,1131,True,False,52,75,3,False,graham.meyer,1
claire_kammerer,,339,560,True,False,5,56,1,False,claire_kammerer,1
evan.2262,,259,806,True,False,18,80,4,False,evan.2262,1
s.m.toms,This is it,106,168,True,False,288,8,1,False,s.m.toms,1
chandler_jones9,WR | Charleston Southern,4914,1790,False,False,45,92,5,False,chandler_jones9,1
lindsvanzyl,"Stepping away from striving to live a perfect life and learning to live in perfect peace.
Started a new thing @posture.podcast
I also write here ��",829,414,False,False,523,13,0,False,lindsvanzyl,1
nick.torres10,"Jeremiah 29:11
WHS ‘21
12-19-18 R.I.P Reed�",965,2461,True,False,19,40,0,False,nick.torres10,1
mackenzie__gibbs,"Will Travel for Food☼
CCU W. Soccer
ATL•",1597,1252,True,False,136,111,17,False,mackenzie__gibbs,1
evanlbarker,,328,589,True,False,10,73,0,False,evanlbarker,1
bayloraycock12,uga ‘24 ★★,734,635,True,False,55,169,0,False,bayloraycock12,1
ben.rrogers,Livin’ Life,911,884,False,False,62,139,0,False,ben.rrogers,1
ezekielquarles,sequoyah ‘20,1790,1436,True,False,8,2,2,False,ezekielquarles,1
jamesmilhollin,Matthew 28:20 | uga ‘22,1487,991,False,False,41,171,0,False,jamesmilhollin,1
christophe.lepave,a6e709e9d,537,516,False,False,15,163,0,False,christophe.lepave,1
camille_davenport,ga//tn//wv • abu lacrosse ‘22,859,1914,True,False,31,75,1,False,camille_davenport,1
cvanbreene,Hey @julianinglima what should my bio be?,731,523,True,False,9,76,1,False,cvanbreene,1
patrick_mcginnis,MTSU ‘23 �,925,755,True,False,9,197,0,False,patrick_mcginnis,1
yashd.esai,Members only be the clique¡,958,1280,True,False,10,7,0,False,yashd.esai,1
fancyyancepants,~repeatedly baffling Christendom by continuing to live~,954,2058,False,False,951,23,3,False,fancyyancepants,1
willeudy5,NGU Lacrosse,1439,1265,True,False,20,73,0,False,willeudy5,1
smkammerer,"☆ milton, ga",2891,986,False,False,117,219,8,False,smkammerer,1
r_stanton15,ASU’20 | ΔΣΦ,1055,617,True,False,63,0,0,False,r_stanton15,1
calliedevaney,"I’m not superstitious, but I’m a little stitious || au",2212,1845,True,False,288,85,0,False,calliedevaney,1
ibouton2,Colossians 3:23 / Atlanta / Columbus State Baseball ‘23,606,762,True,False,103,172,0,False,ibouton2,1
charlton_l,,1173,1146,False,False,16,46,0,False,charlton_l,1
bethanysssss,Dog Mom.Dental Hygienist,586,935,True,False,749,12,0,False,bethanysssss,1
kidwellkylie,����~,699,860,True,False,9,119,0,False,kidwellkylie,1
kristenlenichh,snap:kristen12soccer,3755,921,False,False,82,22,5,False,kristenlenichh,1
elizabeth__powers,,848,771,False,False,65,180,0,False,elizabeth__powers,1
raevyn_steele,"Clemson '22 Biochem
��‍��",250,398,True,False,3,28,0,False,raevyn_steele,1
mauriziosavo98,Hi!,443,527,True,False,50,54,0,False,mauriziosavo98,1
chan_hake,Florida Tech Lacrosse� ‘23  |  Snap�:cakehake,547,382,False,False,4,1,0,False,chan_hake,1
addypryor,"� SCAD’23 �
Art Account @adalinewiles",1356,842,False,False,103,217,7,False,addypryor,1
kyle_elphickk,FCS 23’,384,420,True,False,2,74,0,False,kyle_elphickk,1
jacob_denton77,Jillin’ |  CU ‘23 �,827,976,True,False,30,30,0,False,jacob_denton77,1
kendrickreed24,ΣΝ Georgia Southern,1465,1309,False,False,14,114,0,False,kendrickreed24,1
_luke_ramsey_,FCS ‘22 Sc- lukeramsey6,1029,936,False,False,0,79,0,False,_luke_ramsey_,1
bennettleathers,cambridge // snap- bennettl10,1241,1206,True,False,35,15,4,False,bennettleathers,1
morganlinneen,auburn’23 || @au_adpi,1516,766,False,False,47,209,0,False,morganlinneen,1
megsbrews,☆ATL☆ auburn ‘23 ☆ sc: megbrewer7995 ☆ DZ ☆,1686,1968,False,False,63,182,3,False,megsbrews,1
eli_schipper,FHS Senior - Baseball/Basketball                      Snap: eschipper30,782,807,True,False,6,4,0,False,eli_schipper,1
murphy_reeves,sc- murphyyy17,585,426,True,False,0,196,0,False,murphy_reeves,1
lucprothero,UGA ‘23,1108,853,True,False,26,26,0,False,lucprothero,1
trextonlewis,Sc/Trextonilrwis,1017,1252,False,False,7,224,4,False,trextonlewis,1
matsongrose,,1172,1234,True,False,11,140,0,False,matsongrose,1
_connorbruns,FU Golf '19 | CU ‘20,491,431,True,False,31,24,0,False,_connorbruns,1
khourayzubat,"""You're not doing it wrong if no one knows what you're doing"" • CU'21",549,575,False,False,17,60,0,False,khourayzubat,1
rachelpoovey,uga ‘22 � sigma kappa �,1275,894,False,False,132,126,5,False,rachelpoovey,1
thepropheticprophet,Workin on it.,428,555,False,False,13,99,1,False,thepropheticprophet,1
lawson_haigler,����� ����,929,1039,True,False,5,231,0,False,lawson_haigler,1
taylor.herrmann,,741,1706,False,False,8,155,2,False,taylor.herrmann,1
andychapman28,Love God!    FCS ‘21   Snap: andychapman28  Go tigers! �,677,1377,True,False,25,115,0,False,andychapman28,1
carolinedannemiller,"the ceiling is the roof 
area lll/VIII young rider
kentucky ‘23
He > i",1287,1273,False,False,259,187,18,False,carolinedannemiller,1
amytoms30,,512,1658,False,False,1256,14,0,False,amytoms30,1
drew_conroy20,TKA '20 | Snap: drew_conroy20 |,724,907,True,False,6,78,1,False,drew_conroy20,1
ryanmreid,Anything in life worth doing is worth over doing | UGA '21,1375,1015,True,False,65,77,0,False,ryanmreid,1
audrey__bateman,GCSU ‘23,277,502,True,False,53,64,0,False,audrey__bateman,1
katieelipka,Auburn ‘23!!!,1147,923,True,False,213,26,0,False,katieelipka,1
kevinheady,Clemson University Rower��’21 Snapchat- kevin_heady,511,612,True,False,4,59,0,False,kevinheady,1
andrew.may,CU ‘23� �andrew_may01,815,759,True,False,15,56,0,False,andrew.may,1
m.accc,sc// mmmadden3,753,458,False,False,0,150,1,False,m.accc,1
stevenardagna_,ATL | NHS,1634,986,True,False,38,120,1,False,stevenardagna_,1
lilliansumner,beaufort |clemson| adpi,1300,1204,True,False,29,55,0,False,lilliansumner,1
rooftopandy,You don’t need to know how to play poker as long as you keep a two up your sleeve.,766,609,False,False,109,3,4,False,rooftopandy,1
camillestroud,"so will i���
samford zeta!!!! 
atl->bhm",2827,1259,False,False,110,245,7,False,camillestroud,1
anabundanceof.katelyns,,95,81,True,False,322,11,2,False,anabundanceof.katelyns,1
ian.mcmillan,UGA ‘23,1203,937,True,False,54,39,0,False,ian.mcmillan,1
juliagyoung_,"☼ ☽ �
atl | clemson sk",1042,874,True,False,59,124,0,False,juliagyoung_,1
sydney.hull,"UofSC ‘23 
Psalms 23:1-4",1001,952,False,False,336,204,6,False,sydney.hull,1
harrisonmaney,22’ | snap: hmaney04,799,726,True,False,0,139,0,False,harrisonmaney,1
will_peterson02,sc: will_peterson02,692,655,False,False,3,127,0,False,will_peterson02,1
flaherty_grace,"tyler {true story}
partnered with: @abigailpreece_photography 
�",448,263,False,False,30,16,2,False,flaherty_grace,1
whitney.bond,Sc:whits234,1829,815,False,False,52,48,5,False,whitney.bond,1
taylor.connelly,"2 Timothy 4:7-8
Snap: tay.connelly // FCS ‘20 // MSU ‘24",671,1024,True,False,29,122,9,False,taylor.connelly,1
abbyebeard,AU ‘24 !!!!!!,1027,1168,True,False,47,144,0,False,abbyebeard,1
carolinedfeatherston,@au_aoii,1658,872,True,False,95,186,4,False,carolinedfeatherston,1
allyditano,"university of georgia ☆
IX • XXIX • MCMLXIII",2969,2349,True,False,102,9,4,False,allyditano,1
kaillinreid,"Roswell, GA  USC",762,661,False,False,26,72,0,False,kaillinreid,1
chandlerfurman,Laugh often! |  ‘22,1019,1278,True,False,317,84,0,False,chandlerfurman,1
matt__morton,UGA '22,1013,968,True,False,32,137,0,False,matt__morton,1
jackson_filipowicz,BT 20’ // West Point football 24’ #53�,922,1067,True,False,16,85,0,False,jackson_filipowicz,1
natalieexley,"Athens, GA 
@aoiiuga + @princeavenueyl",1764,1354,True,False,276,174,2,False,natalieexley,1
blake.mordecai,,1881,1037,False,False,32,62,6,False,blake.mordecai,1
charlie_thom,UAB '21,597,492,False,False,57,96,0,False,charlie_thom,1
bryce_merrell,"-Clemson Crew ‘22
60% of the time my bus starts every time
I also take ~pictures~ of ~things~",485,522,False,False,43,56,0,False,bryce_merrell,1
emilywilder1,"saved by grace� 
★Shorter 22’★ 
ZTA @ztaatshorter",1882,2132,False,False,190,9,5,False,emilywilder1,1
ekmiv,“Bring back big edwin”,310,293,True,False,9,103,0,False,ekmiv,1
natedubes,Clemson ME 2020,386,278,False,False,30,54,0,False,natedubes,1
carolinedumbrell,"milton, ga �� san diego, ca �� high point, nc 
High Point University ‘23�",1137,3983,True,False,10,1,0,False,carolinedumbrell,1
jennawilson_,"☆@msstatekd☆
•He is king forever•
����",1741,1372,False,False,142,172,11,False,jennawilson_,1
mattyoung.13,"Milton GA
Snap: Mdy_01
War Eagle",598,675,True,False,2,22,0,False,mattyoung.13,1
kpederson417,Uga ‘23,1920,1087,False,False,36,10,0,False,kpederson417,1
maddyslocumb,"uga ‘23 !!! 
@alphachiuga",1672,2537,False,False,265,39,5,False,maddyslocumb,1
clemson_crew,Clemson Rowing Association,1590,378,False,False,259,63,0,False,clemson_crew,0
tommyfricano,Gcsu ‘23,392,235,True,False,19,3,1,False,tommyfricano,1
savannahmansell,atl ��samford zta,1560,888,False,False,76,198,0,False,savannahmansell,1
davidarmstrong9,� WashU ‘23,1073,1097,False,False,133,19,0,False,davidarmstrong9,1
brittany.walkerr,"Long Island⚓�
Clemson ‘23",1350,803,True,False,41,18,0,False,brittany.walkerr,1
blakescott22,"lsu ‘24
Sc: blake_scott295",848,817,False,False,7,162,0,False,blakescott22,1
kellyhill_,"Tampa | TN
#rollstein",1430,1038,True,False,15,5,0,False,kellyhill_,1
davis_anderson11,ung’23,559,723,True,False,10,13,2,False,davis_anderson11,1
lu.blaha,Tell me about it stud,2001,1028,True,False,29,123,4,False,lu.blaha,1
riley_kathryn,"georgia college
@deltazetagcsu",789,735,False,False,36,79,2,False,riley_kathryn,1
eliseanzaldua,"Because He lives 
ATL � @alphachiua",2352,2242,False,False,114,157,5,False,eliseanzaldua,1
lizziethompsonn,south carolina beach volleyball ‘24                                  sc// lizzie_112,1631,1216,True,False,123,215,0,False,lizziethompsonn,1
_ccarmstrong_,Signal ‘19 || UTC ‘23 || YL || Vesper Point || ΧΩ,1766,3598,True,False,96,10,2,False,_ccarmstrong_,1
sydneyrountree_,"jesus wins !!!
atlanta - auburn 
�@au_aoii �",1052,902,False,False,49,189,0,False,sydneyrountree_,1
cameron_swartz623,BC WBB #1�// ATL,1757,1615,True,False,52,151,0,False,cameron_swartz623,1
emilyy.hill1,"I will build my life upon His love 
BAMA ΦM || @uaphimu",3065,3068,False,False,523,29,7,False,emilyy.hill1,1
aubreybreed,Samford ΣΧ,1016,982,False,False,40,89,1,False,aubreybreed,1
mary_brophy17,"Penfield ‘18
Clemson ‘22ish",698,552,True,False,28,44,0,False,mary_brophy17,1
kennedy_taylor11,"UTK ‘22 ΧΩ | @ylgibbs
we are here to love. nothing else matters.",1687,1144,False,False,279,154,12,False,kennedy_taylor11,1
xx_srewopkcaj_xx,,49,85,True,False,86,17,0,False,xx_srewopkcaj_xx,1
francescamarto,atl | ksu ‘22,1764,829,False,False,146,130,3,False,francescamarto,1
brooke.blanchard,"southern ‘23
snap//brooke.blanch",1190,981,False,False,58,131,3,False,brooke.blanchard,1
caitlin.welty,"Do what makes your soul shine - Mamma Mia
uga � @ugasigmakappa",1950,1417,True,False,67,93,1,False,caitlin.welty,1
gabbyquinnn,,1874,3649,False,False,10,11,0,False,gabbyquinnn,1
erikwuerfel,"Clemson Mechanical Engineering
Yells at rowers for @clemson_crew",405,441,True,False,25,49,2,False,erikwuerfel,1
tylermorris.28,Cambridge,1457,1908,False,False,10,19,1,False,tylermorris.28,1
hannahmhirsch,Georgia College ‘23 | ΑΔΠ,1615,1070,False,False,136,33,2,False,hannahmhirsch,1
josh_mclaughlin4,"fellowship christian school ‘21
sc- j_mclaughlin2
 @ispyfoundation",720,802,False,False,0,152,0,False,josh_mclaughlin4,1
hayden_henderson,University of Tennessee ‘21                                 Snap- Haydenhen49                                            ΦΔΘ,998,499,True,False,12,13,0,False,hayden_henderson,1
rjwinchester,Auburn ‘24��,1223,865,True,False,115,191,3,False,rjwinchester,1
benbone19,Nola | Clemson | PPP,881,997,True,False,84,61,0,False,benbone19,1
brookelle_bassie,CU ‘23 | ΚΔ,1030,1005,True,False,21,64,0,False,brookelle_bassie,1
taylormercerballl,"KR ‘21
@taylor_ball143",919,704,False,False,38,8,7,False,taylormercerballl,1
brad_rodgers11,21’ snap: bradrodgers12,560,998,True,False,6,131,0,False,brad_rodgers11,1
djhill87,Professional Djay�����������✊����,4888,2048,False,False,2087,4,7,False,djhill87,0
ingrid_amason,ATL | @ztadeltapsi �,1509,684,False,False,42,141,0,False,ingrid_amason,1
bennettkaitlynn,"ephesians 3:20 �
let’s be friends!!!",1371,909,False,False,287,21,5,False,bennettkaitlynn,1
ikewachter,ATL,631,998,True,False,2,7,0,False,ikewachter,1
jack.sawyer5,Fcs 2020 Snapchat: jacksawyer4.,1847,2619,True,False,17,116,0,False,jack.sawyer5,1
reedkroeber,,841,917,False,False,84,97,0,False,reedkroeber,1
mariapritchard,"Habakkuk 3:17-19
TMU ‘23",529,598,True,False,58,88,0,False,mariapritchard,1
b_mcneillie22,Jeremiah 29:11 � | USC ‘22 | πκφ,1517,1521,True,False,109,18,0,False,b_mcneillie22,1
laneyrikard_,"Surfside Beach, SC
OLE MI$$ ΦΜ����",2528,991,False,False,183,18,4,False,laneyrikard_,1
jpwalsh5005,Delbarton | Clemson sc-jpwalsh0550,868,885,True,False,1,70,0,False,jpwalsh5005,1
jordan.brewer_,,1248,1371,True,False,39,181,0,False,jordan.brewer_,1
david.campbell44,Clemson,756,985,True,False,15,55,0,False,david.campbell44,1
georgiasharpee,//university of tennessee ‘23// XΩ,1266,1215,True,False,74,2,0,False,georgiasharpee,1
annaroddam,☁� || Clemson ‘23,806,434,True,False,197,16,4,False,annaroddam,1
jamesadkins4,"Clemson ‘23
�",1053,919,False,False,27,55,0,False,jamesadkins4,1
mccranieandrew,Yo soy tomato sauce,428,437,False,False,20,131,0,False,mccranieandrew,1
beckybourne,too busy watering my own grass to check if yours is greener,3885,1932,False,False,107,53,14,False,beckybourne,1
nickbajakian,NJ | Clemson � ΦΣΚ,1164,892,True,False,10,26,0,False,nickbajakian,1
blaney_hudson,"uga ‘23 @aoiiuga 
� ephesians 2:3-10 �
☆ be kind ☆",1759,1071,False,False,169,65,5,False,blaney_hudson,1
the_real_rhodiesmith,R/S coming soon...,352,453,False,False,15,53,1,False,the_real_rhodiesmith,1
hannahwo0d,"Tennessee 24 � � � 
sc-hannah.wood11",2949,1714,False,False,183,45,3,False,hannahwo0d,1
brycepaul_,"LSU ’24
snap~ brycepaull",1509,868,True,False,40,188,0,False,brycepaul_,1
charlie.hoffman,�,422,363,False,False,15,130,0,False,charlie.hoffman,1
jenniferw0lfe,,719,581,True,False,33,7,0,False,jenniferw0lfe,1
grey.hasen,757                                                                                   Clemson ‘22  /  Clemson Rowing  / AFROTC,562,595,False,False,36,59,0,False,grey.hasen,1
taylorelizabethflowe,@one_ttown!!!!!,1656,4092,False,False,87,75,0,False,taylorelizabethflowe,1
finn_wagner21,Go to Fellowship. Play baseball #21 and I fish. Class of 2021,451,932,True,False,3,117,0,False,finn_wagner21,1
haydenhickman3,gnarly dude�,507,1021,True,False,40,143,0,False,haydenhickman3,1
tdemp_,"Clemson Sailing ⛵�
Clemson Wrestling �‍♂�",1137,1341,True,False,6,28,0,False,tdemp_,1
adam.rozeboom,,794,930,True,False,16,143,0,False,adam.rozeboom,1
jake_stensrud,:),35,56,False,False,0,12,0,False,jake_stensrud,1
kali.berggren,Proverbs 31:25 †  ||Samford ‘22 � � �  Bham YL Capernaum,1162,770,False,False,34,10,0,False,kali.berggren,1
madisonclaireb,"Clemson ‘23 @clemsonalphaphi 
Toby�",1141,1093,True,False,54,31,0,False,madisonclaireb,1
cmwltrs,"� New York
� Clemson | Central Spirit | Triathlon
��‍� AppleCare College Program",1429,1427,False,False,294,15,1,False,cmwltrs,1
jpguiney,,1026,989,True,False,15,35,1,False,jpguiney,1
naomideann,"adventure enthusiast, atl ♡
sc: naomi_6128",3788,2901,False,False,68,0,5,False,naomideann,1
alex_kinley_,CU '22,388,605,True,False,18,25,0,False,alex_kinley_,1
mike_mcentee,NJ |Clemson ‘23 | Sc- mike_mcentee | ρ ρ ρ,1471,2301,False,False,49,61,0,False,mike_mcentee,1
logan_lane_,"No matter where you go, there you are.",147,157,False,False,5,74,0,False,logan_lane_,1
jdkaikobad,.,490,733,False,False,5,7,1,False,jdkaikobad,1
bolincrosnan,"Ann Arbor | Cleveland
Lifetime Chipotle intake: 412 burritos, 0 bowls",1064,779,True,False,14,1,0,False,bolincrosnan,1
meredithrush,Georgia Tech ‘24,752,679,True,False,29,124,0,False,meredithrush,1
ndmensrowing,Official page for the Notre Dame Men's Rowing Team.,1164,3,False,False,111,1,0,False,ndmensrowing,0
marykateshaw,"“the lord is my portion”, says my soul, “therefore i will hope in him.”                         lamentation 3:24",744,848,True,False,56,190,2,False,marykateshaw,1
mattwehner,Jersey | Clemson ‘22 | Phi Sig,1105,1090,True,False,21,37,0,False,mattwehner,1
amy.g.thomson,"{if more of you means less of me, take everything}                                                 AU’23",1055,955,True,False,12,4,0,False,amy.g.thomson,1
lindsayfreemann,@southcarolinakd ★,3076,922,False,False,446,120,4,False,lindsayfreemann,1
amy.stuch,"So I do this thing called theatre and you should totally come to my next show, just click that link��",1825,2356,False,False,120,7,5,False,amy.stuch,1
kel_wins_,"������ 
�⚽��
LCS ‘20",791,797,True,False,141,8,5,False,kel_wins_,1
liam__reilly,Clemson 2020 � // Clemson Crew � // DTX // ΑΦΩ // ρρρ,681,598,True,False,87,44,0,False,liam__reilly,1
cade.kammerer63,,703,576,False,False,18,152,0,False,cade.kammerer63,1
emily.dresback,"1 Corinthians 16:14 ~
“Let all that you do be done in love.” ☾ ♥ �
FCS ‘23",218,435,True,False,7,36,0,False,emily.dresback,1
eva__ardagna,snap~evaardagna,2011,986,False,False,120,168,0,False,eva__ardagna,1
gabriellaustin,"go dawg$$$ ‘22 | @ugasigmakappa
snap ⌁ gabriellaustin",2742,993,False,False,288,144,5,False,gabriellaustin,1
lillimahlke,,1062,756,True,False,2,84,2,False,lillimahlke,1
annaleehoffman,"Go with Love! ATL, GA
Wofford ‘23 @woffordzta ♛",3371,986,False,False,445,211,8,False,annaleehoffman,1
zionnpleasant,,1122,826,True,False,9,164,1,False,zionnpleasant,1
scott.carlow,,645,804,True,False,72,43,0,False,scott.carlow,1
turner_67,ATL | Bama ‘23 ΚΣ,895,886,True,False,11,12,0,False,turner_67,1
suzannemooore,cho boi | yhc lacrosse ‘24,943,686,False,False,131,186,6,False,suzannemooore,1
lincolnledet,,156,229,True,False,0,58,0,False,lincolnledet,1
josh.cole.8,snap// joshua.cole33 // fcs’ 22,1107,852,True,False,3,155,0,False,josh.cole.8,1
thomass_rice,Coolin�  Clemson 22,831,924,True,False,10,41,0,False,thomass_rice,1
savannah_schulz22,snap||shsavannah||,1222,1359,False,False,46,149,1,False,savannah_schulz22,1
amandakim546,"SoCal  |  �ATL 
� GaTech ‘23",1061,1033,True,False,43,4,4,False,amandakim546,1
faithcoleeee,Snap~@fcoleee,1219,998,True,False,6,178,0,False,faithcoleeee,1
catherine_patterson,clemson '20 | clemson crew | ΠBΦ,950,1005,True,False,157,55,0,False,catherine_patterson,1
mckinleylibby,zen,3394,932,False,False,91,141,4,False,mckinleylibby,1
seebeck_c,Clemson 22,580,629,True,False,23,28,0,False,seebeck_c,1
scott_poer,GSU Lax///Proverbs 4:23,329,640,True,False,3,64,0,False,scott_poer,1
steve_reed03,FCS 21’,142,269,True,False,0,45,0,False,steve_reed03,1
maddy_mcdermott,ATL—> Knox// @utkkd,2087,1594,False,False,154,111,2,False,maddy_mcdermott,1
andrewb_m,,472,537,True,False,2,98,0,False,andrewb_m,1
pjoye10,"FCS, class of 2020, I� am in a growing relationship with my Savior Jesus Christ,  VSU Baseball ‘24!",561,930,True,False,6,112,0,False,pjoye10,1
kathleen_odee,"“So good news, I saw a dog today”
★UGA 23★",763,870,True,False,29,19,0,False,kathleen_odee,1
connor_divita,"UGA ‘22 
� @claustrophilic_band 
not related to danny devito",948,949,True,False,36,26,3,False,connor_divita,1
reese.zickafoose,⋆ ⋆ ⋆ ⋆ ⋆,904,982,True,False,83,172,5,False,reese.zickafoose,1
kellychristinec,,1303,750,False,False,56,12,14,False,kellychristinec,1
alexmc864,� @alexmc864 | CU ‘23,1149,957,True,False,12,51,0,False,alexmc864,1
brielleninesling,"live life as fully, bravely, and beautifully as possible",1029,693,False,False,100,200,3,False,brielleninesling,1
_abragg_,clemson ‘22,907,853,True,False,12,46,1,False,_abragg_,1
wyattnaylor,Baltimore | Clemson | Phi Sigma Kappa,1824,1613,True,False,93,29,0,False,wyattnaylor,1
gracie.bennett,Rochester NY // Clemson ‘23,444,464,True,False,17,48,0,False,gracie.bennett,1
annalamontagne,Think happy thoughts | Clemson ‘22 | ATL,781,851,True,False,146,48,6,False,annalamontagne,1
_vincent_4,Chicago | Clemson University ‘22 | Phi Sigma Kappa,1218,1090,False,False,30,15,0,False,_vincent_4,1
graysonrh22,"Do you have the courage to grab the dream that picked you? 
ATL | FSU'20",642,636,True,False,140,57,0,False,graysonrh22,1
hannah.herring5,clemson ‘23 ☆ @kkgclemson,1213,1005,True,False,54,31,0,False,hannah.herring5,1
sabrinaaaasmith,"fcs ‘21               
snap: sabrinaasmith02",654,1119,True,False,16,119,6,False,sabrinaaaasmith,1
lauren_breed,"samford ‘23
ΔΔΔ",957,1060,True,False,52,168,0,False,lauren_breed,1
sammyspivak,"Ecclesiastes 7:3
“You’re only given a little spark of madness. If you lose that, nothing.” -Robin Williams",524,794,False,False,6,93,0,False,sammyspivak,1
ainsley.webb,"chs 
snap>> @ainsley.webb",1663,740,True,False,11,154,5,False,ainsley.webb,1
peyton_114,"""Between the first whirly and the third dirly”",964,1422,False,False,18,77,0,False,peyton_114,1
vandyhacks,Welcome to the official Instagram of VandyHacks!,444,165,False,False,93,3,3,False,vandyhacks,0
brendantw,Clemson 2021 || ρρρ,512,625,True,False,21,59,0,False,brendantw,1
paytonspires,clemson '23 • ΣΚ,788,1113,True,False,27,9,0,False,paytonspires,1
carolinewillard,roswell | 1 John 4:7-8,2555,1682,True,False,6,82,3,False,carolinewillard,1
elenamailapur,Randolph //elena☆ // sc: emailapur,514,946,True,False,5,5,0,False,elenamailapur,1
pineyro_m,"FCS '20
~>snap: pineyro_m<~",1263,1149,True,False,90,148,0,False,pineyro_m,1
erinnhynekamp,pov: ur stalking me�,1699,1950,False,False,36,21,4,False,erinnhynekamp,1
pierce_rossman,sc: prossman55,395,509,True,False,1,58,0,False,pierce_rossman,1
priscillalorenzo,"�☆�★━━━━━━━━━━★�☆�
it’s the only life you got so you gotta live it big time",1058,974,False,False,238,134,5,False,priscillalorenzo,1
averyymasonn,RDC,3180,1801,False,False,152,34,7,False,averyymasonn,1
jonathan6morris,Matthew 19:26,649,631,False,False,6,124,0,False,jonathan6morris,1
malikg21,ATL | Hartford Lacrosse #18 |                                    Nation United,1580,1480,True,False,54,95,0,False,malikg21,1
wilson_long4,,468,683,True,False,1,95,2,False,wilson_long4,1
federicascalora,"�Gotta love animals��
Snapchat- federica1026
��Taken- Kaleb Mackusick",1101,2712,False,False,55,6,3,False,federicascalora,1
emma_jones27,make heaven crowded,602,585,False,False,16,158,3,False,emma_jones27,1
tristen_darmo,‘20 ⚬ sc - tristen_darmo,502,500,True,False,10,140,0,False,tristen_darmo,1
josh_guven,"You know who I am.                                        Atlanta’s  destination for fine jewelry 
2705 Old Milton Pkwy Ste.100 Alpharetta, GA 30009.",654,1765,False,False,30,56,0,False,josh_guven,1
gussie_rudin,UNG '22 ☆ ΚΔ// FTK�,902,885,True,False,114,121,0,False,gussie_rudin,1
llindseyeubanks,GA ☆ UTK ‘24,1116,962,True,False,64,135,4,False,llindseyeubanks,1
carolinecroucher,"UGA ‘22 AOII — & Loving E V E R Y second of it 
let all that you do be done in love",2999,1603,False,False,318,181,11,False,carolinecroucher,1
jkhampel,GSU ‘23,599,516,True,False,1,47,0,False,jkhampel,1
virginiagryder,gcsu ‘23 | ΔΓ | ⚓� | ATA 3rd degree,1642,5035,False,False,131,75,8,False,virginiagryder,1
lorrieaxelrod,CTT�PC 2020�XC/T&F,794,1157,True,False,87,2,3,False,lorrieaxelrod,1
offtothebeach55,,72,207,True,False,5,21,0,False,offtothebeach55,1
pierce_loechl,,305,359,False,False,6,50,0,False,pierce_loechl,1
laurenkiefner,phl • @clemson_zeta,3048,2074,True,False,186,76,10,False,laurenkiefner,1
jzeeveld,,1022,790,False,False,61,63,0,False,jzeeveld,1
iguessitscarter,Y’all should go check out my public music account @carter_koch_music     UAlbany ‘23,684,955,False,False,133,7,2,False,iguessitscarter,1
gbmoreano,NY | @clemsonalphaphi ★,1526,782,True,False,14,21,2,False,gbmoreano,1
cody_tapley10,GSU ‘23,254,258,True,False,6,105,0,False,cody_tapley10,1
ace.montgomery,Professional Waffle House DJ. 1/4 of @2nd.second.official,401,653,True,False,1,63,0,False,ace.montgomery,1
elizabsl,"cu 23 @bsl.art
let me design your tattoo",572,913,True,False,37,56,1,False,elizabsl,1
carolinekasdin,ycg//snapchat: caroline23456,1576,1184,False,False,142,150,3,False,carolinekasdin,1
kathryngraceclough,|| you’re worth fighting for || jesus || good company || coffee || @kathryngrace.co,1008,598,False,False,100,45,11,False,kathryngraceclough,1
nolan_lavergne,"SC � Nolan_Lavergne
UNG 22’ �
JHS Baseball Coach ⚾� 
Small Group leader at The Gathering",1066,458,True,False,13,105,0,False,nolan_lavergne,1
malwoodz,� CU '20 �,1071,1057,False,False,211,48,0,False,malwoodz,1
_winland,“just be an athlete” | 256 | au 23,601,585,False,False,0,1,0,False,_winland,1
davidengle71,Skip Bop Doodle Dee,907,794,False,False,15,49,0,False,davidengle71,1
abigail_ethridge,FCS ‘22,650,1031,True,False,22,69,0,False,abigail_ethridge,1
taylorbatkinson,Georgia Dawg � @aoiiuga ��,3555,1980,False,False,419,57,14,False,taylorbatkinson,1
drayton_manigault,Auburn ΘΧ,810,700,True,False,7,20,0,False,drayton_manigault,1
sophiamahlke,,1265,960,True,False,6,154,0,False,sophiamahlke,1
deewashburne,,31,32,False,False,0,13,0,False,deewashburne,1
grosekid,"Gcsu 22 ΑΓΔ
     Do justly
     Love mercy
     Walk humbly",1530,990,True,False,65,138,0,False,grosekid,1
peytonwil,"ΠKA // AU 23’
Do not contact me with unsolicited services or offers.",1065,1305,False,False,40,23,0,False,peytonwil,1
kyliejustice2019,unc ‘23//ncssm//gsw ‘18//jedc,1389,1289,True,False,67,3,0,False,kyliejustice2019,1
cartervarin,"NJ || Clemson ‘23 || ΦΣK 
� - cvarin11",1583,950,False,False,105,50,0,False,cartervarin,1
aiden_d._,,31,39,False,False,0,13,0,False,aiden_d._,1
_julianmunozz,"but you can call me juju
404 ✈� 813
��",829,744,True,False,18,23,0,False,_julianmunozz,1
emilykwinters,"atl ( ◠‿◠ )
sc: emilyy0624
spotify vvv",629,533,False,False,25,89,0,False,emilykwinters,1
no_hablo_english,Clemson '21 �| ρρρ,1161,689,True,False,64,70,1,False,no_hablo_english,1
smorecos,����,676,678,False,False,39,113,0,False,smorecos,1
hen_egg,Clemson Crew  ρ ρ ρ  ��,849,543,False,False,15,61,3,False,hen_egg,1
whitneycookston,"Auburn ‘24                                                                                 ""If you still have a pulse, God still has a purpose""",755,718,False,False,65,155,1,False,whitneycookston,1
davis.hobbs1,Every moonshot needs a rocket,519,996,False,False,8,40,0,False,davis.hobbs1,1
emmakatherynn_,~•Proverbs 31:25•~,755,892,True,False,77,96,0,False,emmakatherynn_,1
callierigsbee,Gt ‘23,303,194,False,False,15,0,0,False,callierigsbee,1
_cameronduffy,CU’23 ΔΔΔ,1173,1145,True,False,26,80,0,False,_cameronduffy,1
reeserountree,"i’m from atlanta but i live 45 minutes away in the suburbs.
sc reeserountree",1353,899,True,False,14,158,11,False,reeserountree,1
amandazimmerrr,choose happy.  rhs '20 ☆ ☆ auburn ‘24,1548,1840,True,False,259,45,6,False,amandazimmerrr,1
maddiecreek,sc: creek13,1272,459,True,False,8,108,0,False,maddiecreek,1
elvisc13,"NHS��RVHS�
V⚽��
'20",714,950,True,False,12,7,0,False,elvisc13,1
lillidowdall,PHL☆ @clemsonpiphi,2047,1003,False,False,104,18,6,False,lillidowdall,1
isabel.ray,Clemson ‘23,854,879,True,False,30,16,0,False,isabel.ray,1
_elisemartin,"uncp vball 23’
choose happy",1787,1576,True,False,46,21,8,False,_elisemartin,1
jessicalaneball,"atl gatech axo 
@theborgenproject",1140,1127,False,False,49,4,5,False,jessicalaneball,1
ag.haight,"i’m me, i do me, and i chill #clemson",766,701,True,False,132,7,0,False,ag.haight,1
thelukeschmidt_,Joshua 1:9,829,770,True,False,15,150,0,False,thelukeschmidt_,1
rykerryo,"live life so that those who know you but don’t know God will come to know God because they know you
UGA ‘24",591,689,True,False,17,30,3,False,rykerryo,1
allie_kleha,mhs’21• daughter of the one true king † || war eagle,2148,5003,True,False,12,43,8,False,allie_kleha,1
colemanleathers,�� cambridge,1103,1076,True,False,11,25,0,False,colemanleathers,1
leneelinder,sc: leneelinder,4390,1769,True,False,31,35,3,False,leneelinder,1
mac_forrester,Snap: macforrester,1198,1773,True,False,11,3,0,False,mac_forrester,0
jax_alb,"fcs class of 21
soccer⚽�
football �
psalms119:105 is my life verse",238,414,False,False,6,73,0,False,jax_alb,1
jackberends,UGA ‘22,401,387,True,False,28,127,0,False,jackberends,1
kayladiprima,"uga ‘23
AΦ �
�tell them you love them�
http://main.acsevents.org/goto/kayladiprima",1281,1145,False,False,52,71,4,False,kayladiprima,1
taylortweedy,☆bama ΧΩ☆,5439,1434,False,False,255,205,0,False,taylortweedy,1
cc_potter,BT Cheer//2x UCA All American Cheerleader//sc: cc_potter,2164,1772,True,False,140,52,4,False,cc_potter,1
chandlerbarroww,"� clemson ‘23 ΔΔΔ �
sc: chandlerbarroww",3056,4267,False,False,73,172,0,False,chandlerbarroww,1
mattrodgers10,,811,1366,True,False,7,124,1,False,mattrodgers10,1
cuhackit,"We want to CUhackit! �����
Student-run Hackathons coming to a Clemson near you! �",373,614,False,False,78,9,5,False,cuhackit,0
anna_ashworth22,Living for Jesus,1010,694,True,False,65,190,0,False,anna_ashworth22,1
rachel_hyatt,� clemson ‘23 �,1374,829,True,False,29,36,1,False,rachel_hyatt,1
alana_deany,☆ clemson '23  |  ☆ pi phi,388,399,True,False,11,9,0,False,alana_deany,1
cecily.dunlap,"�������� ��’ || ΚΚΓ
ѕnap: cecιly.dυnlap",978,712,False,False,45,47,4,False,cecily.dunlap,1
neel.g23,sc: neel.g,727,530,True,False,3,7,0,False,neel.g23,1
sarah__pierce,Saved by his grace  � North Georgia ΦM �,3158,1193,False,False,159,106,7,False,sarah__pierce,1
aneta.s_,FCS ‘20,523,471,True,False,9,108,0,False,aneta.s_,1
sarahjo_freshour,amosc//sarahjo_f,1844,2164,True,False,19,11,0,False,sarahjo_freshour,1
taliadunietz,ann arbor,1433,783,True,False,9,5,0,False,taliadunietz,1
jordanmounkes,be kind,5322,1395,False,False,86,48,9,False,jordanmounkes,1
laurenmvpierce,sc//laurenpierce11,2710,713,False,False,81,171,2,False,laurenmvpierce,1
bbridgetbaker,snap @ bridget1365,4551,1075,False,False,5,24,0,False,bbridgetbaker,1
hannah.dubose,sc// hannah8152,1016,864,True,False,41,11,2,False,hannah.dubose,1
kollin_c_1,“It’s Campbell like the soup” | GSSM '19 | CU ‘23,648,1059,True,False,40,43,0,False,kollin_c_1,1
caroline.vandyke,snap ⇝ caroline.vd1                                                         ��,1085,915,False,False,30,136,0,False,caroline.vandyke,1
bo_cosman,,1313,824,True,False,18,85,1,False,bo_cosman,1
jordanharmon_,"auburn‘24
jesus lover + picture enthusiast",1239,559,False,False,111,162,3,False,jordanharmon_,1
thegardenof_edens,"I stopped worrying & started wandering�
Leap fearlessly & always be radically kind�
Backroads Trip Leader
Currently: �Florida
Soon: �Seattle",985,954,False,False,449,2,4,False,thegardenof_edens,0
peytongeorge0928,~McLovin,189,476,False,False,0,51,0,False,peytongeorge0928,1
aarontturner,i go 2 uga,759,676,False,False,21,143,0,False,aarontturner,1
caroline.difelice,snap//carolinedif,2143,2564,False,False,108,25,0,False,caroline.difelice,1
k_scall16,SJP ‘16 | Clemson '20 | ρρρ,906,795,True,False,160,53,0,False,k_scall16,1
granthmorgan,UGA ‘22,492,479,True,False,13,95,0,False,granthmorgan,1
jillianbroyles,"fake it ‘til you make it!!
@clemsongammaphi",1190,1018,True,False,141,25,0,False,jillianbroyles,1
toomanykatess,A mess™,429,519,True,False,17,13,0,False,toomanykatess,1
mckenzieedwardss,Iiving my best life on the ice⛸ @mckenziesk8ter,2823,5232,False,False,335,8,6,False,mckenzieedwardss,1
uknowwhatitizzzz,welcome,115,114,True,False,66,8,0,False,uknowwhatitizzzz,1
gingertompkins,"Charleston
   clemson ‘23 | ΚΚΓ",1201,1253,True,False,38,85,0,False,gingertompkins,1
stephen_oakes31,�Clemson Crew ‘23�,420,562,True,False,10,52,0,False,stephen_oakes31,1
parker.maddux,3/21/18,446,74,False,False,5,17,0,False,parker.maddux,1
lucyk_h,university of north georgia 2022,1125,857,True,False,65,108,4,False,lucyk_h,1
addi.e,,842,520,True,False,11,117,2,False,addi.e,1
jennyyfoster,atl | wake forest,1940,1555,True,False,104,165,0,False,jennyyfoster,1
lilli.armstrong,"LIL
SM’ 21
��",1174,1027,True,False,13,11,0,False,lilli.armstrong,1
paladinsfcs,The official Instagram of Fellowship Christian School Athletics | Hashtag: #GoFCSPaladins,756,37,False,False,1025,123,0,False,paladinsfcs,0
_julieholland,FCS ‘21,681,701,False,False,24,83,0,False,_julieholland,1
christinamcardle,"atl ★ bt 
snap: christinam161",2168,1279,False,False,120,33,8,False,christinamcardle,1
annaghatchette,"Nevertheless, she persisted | @clemson_chio �",948,843,False,False,12,23,0,False,annaghatchette,1
peytonallen5,uga twenty two,1069,824,False,False,45,85,0,False,peytonallen5,1
cammilfff,Love thyself before others -dad,320,274,True,False,618,39,0,False,cammilfff,0
_shaneriley_,snap->sriley49,980,763,True,False,3,78,1,False,_shaneriley_,1
howardnolan,"Charleston, SC
Clemson 23",752,749,True,False,20,28,0,False,howardnolan,1
elizabethtaylor22,@clemsontridelta,2134,1968,True,False,56,90,0,False,elizabethtaylor22,1
_malik.the.freak,Gotta love it,127,133,True,False,57,3,0,False,_malik.the.freak,1
_malik.the.freak,Gotta love it,127,133,True,False,57,3,0,False,_malik.the.freak,1
lil_miller17,"“You have enemies? Good. That means you’ve stood up for something, sometime in your life.” – Winston Churchill  ΣΩ",406,744,True,False,36,63,0,False,lil_miller17,1
ggalko37,03809 Clemson ‘22 �,711,828,True,False,46,44,0,False,ggalko37,1
jenna.maffei10,"FL//Clemson’23
snap: jmaffei85",1156,1275,True,False,9,61,1,False,jenna.maffei10,1
mvranta,md � clemson � tell your dog i said hi,1091,788,True,False,40,22,4,False,mvranta,1
aj.dubois_,Georgia State 2023,1062,3526,False,False,9,6,0,False,aj.dubois_,1
caarolyn17,CU’22�,977,769,True,False,78,66,0,False,caarolyn17,1
vanderbiltaccelerator,"� Real clients, Real projects, Real opportunities!
� Give yourself a killer resume in just 28 days
� Do more than you ever imagined!",839,1057,False,False,145,1,4,False,vanderbiltaccelerator,1
_.lilligrace._,"i probably don’t care
ghs:)) snap:lilligrace145",1313,2265,True,False,9,6,0,False,_.lilligrace._,1
robertlai_,denmark 20,1108,797,False,False,9,1,0,False,robertlai_,1
_laurenyates,chs | clemson ‘23,1149,950,True,False,6,29,0,False,_laurenyates,1
dawson.winters,Southern24’,1437,1828,False,False,4,116,0,False,dawson.winters,1
kat.elise04,"FCS ‘22
Proverbs 31:25
Be kind to people�",304,680,True,False,8,51,0,False,kat.elise04,1
macyehenry,"to know Him & to make Him known
clemson ‘21  ★ alpha delta pi",1505,1123,False,False,160,24,0,False,macyehenry,1
aidan_nicole,"ATL • DTX
SMU’ 23
Snap • Aidan_Nicole",1809,1575,True,False,15,21,3,False,aidan_nicole,1
jennaration__,clemson ‘20 | @southwood_wyldlife,783,768,True,False,153,8,3,False,jennaration__,1
mary13_k,My name is Mary. I'm so very fly oh my it's a little bit scary.,1278,1236,True,False,42,88,0,False,mary13_k,1
trinityperini,clemson,1165,1126,True,False,27,8,0,False,trinityperini,1
idkcalista,♓���,2554,998,True,False,62,0,1,False,idkcalista,1
chloe_russo,"MI✈�AL✈�IA
University of Northern Iowa WSOC",2057,1106,False,False,98,1,9,False,chloe_russo,1
brookebeard_,liberty lacrosse 25’,890,742,True,False,27,124,3,False,brookebeard_,1
briannecregan,apa ★ clemson ★ @skclemson,1293,1184,True,False,84,51,2,False,briannecregan,1
nickgokhman,uga ‘23 // Milton,1346,1209,True,False,26,45,0,False,nickgokhman,0
michaelajleslie,bos�clemson ‘23,1432,1210,False,False,67,71,4,False,michaelajleslie,1
willsninnemann,"Greenville, SC • Clemson ‘23                                        @kkgclemson",1456,1340,True,False,85,92,1,False,willsninnemann,1
collin_omohundro,Snap~collinomohundro ;)                                              Class 2021,282,476,True,False,1,61,0,False,collin_omohundro,1
ally.exley,Be happy.,819,831,False,False,57,167,8,False,ally.exley,1
clairebrumfield,samford’23 // rest easy sammy,1117,2058,False,False,35,131,0,False,clairebrumfield,1
ansleyem7,be happy and do good | Bama 2022 | @alabamaalphaphi,2428,2230,True,False,143,121,0,False,ansleyem7,1
bwebb_02,"FCS '20
Sc: braden.webb2",614,553,True,False,11,152,0,False,bwebb_02,1
tommy_harris227,NJ � Clemson ‘23,724,692,True,False,4,39,0,False,tommy_harris227,1
julia_laasch,"im not gonna say I survived. im gonna say I thrived.
clemson ‘22| KΔ",1470,1183,True,False,143,78,4,False,julia_laasch,1
elizasal,Columbia | Clemson                                                                                         @clemsontridelta,1512,986,True,False,154,77,0,False,elizasal,1
mattiesolomon,Clemson ‘23 // @kkgclemson,907,745,True,False,26,38,0,False,mattiesolomon,1
maberzzzzzzzzzz,"Psalm 149:3 “Let us praise His name with dance”
@aoiiuga",3396,1940,False,False,102,26,3,False,maberzzzzzzzzzz,1
kaitlyn_kga,"clemson ‘23 // KΔ 
rejoice always",822,943,True,False,23,82,3,False,kaitlyn_kga,1
gracewilson0115,clemson ‘23 // kappa delta,1911,1928,True,False,32,76,0,False,gracewilson0115,1
a_yarr,PA || Clemson '20 �,799,584,True,False,117,61,0,False,a_yarr,1
gracefalgoust,louisiana � @clemson_chio,1183,1045,False,False,16,45,0,False,gracefalgoust,1
kylieippolito,clemmy,1527,867,True,False,14,44,0,False,kylieippolito,1
annieirlbeck,"gcsu ‘23 ☆ ΚΔ
sc ☆ anniebasketball",1328,933,False,False,42,11,0,False,annieirlbeck,1
haliewalther,"ghc softball 
�atl
1 Corinthians 10:31",3284,1938,True,False,167,8,5,False,haliewalther,1
grace.culver,clemson ‘23 // dsp // cu ski,1113,874,True,False,68,9,1,False,grace.culver,1
julia.beckerr,"w/ style & grace �� 
→ SMU ‘24 →",3415,2248,False,False,217,35,1,False,julia.beckerr,1
kittyarmstrong150,,12,13,True,False,16,8,0,False,kittyarmstrong150,1
mccallvalentin,"NY | CLEM | XΩ
""60% of the time, it works every time""",1084,995,True,False,121,51,0,False,mccallvalentin,1
ac.higgins,"CU ‘22 � 
@clemson_zeta ♛",1549,1103,False,False,47,37,1,False,ac.higgins,1
sav_esmith,☆ Clemson,1061,477,False,False,89,9,0,False,sav_esmith,0
jlunt8,CSG '18 // CU ‘22 // ZTA,1219,1147,True,False,47,33,0,False,jlunt8,1
arhant17,Gator don’t play no shit,480,475,True,False,24,0,1,False,arhant17,1
jolieguinn,Nashville —> Clemson ‘23,1136,969,True,False,72,24,0,False,jolieguinn,1
camfadem13,,2268,1696,True,False,96,34,0,False,camfadem13,1
_alexandriastein,clemson university ‘22 � matthew 6:33,1106,880,True,False,84,13,7,False,_alexandriastein,1
ellafurman,Snapchat-ella_furman // Clemson 2023� ΚΚΓ,1337,619,False,False,54,82,0,False,ellafurman,1
mallory_tedder,ᴄʟᴇᴍson☆KΔ,1829,1014,True,False,175,52,0,False,mallory_tedder,1
natalie.hillll,atl | clemson ‘23,703,658,True,False,30,52,0,False,natalie.hillll,1
rylee.horne,"� nashville ��� 
� UGA ’23 ���
� Δ Δ Δ",2714,2438,False,False,299,7,2,False,rylee.horne,1
lastino21,"ma | sc @axoclemson
if things were different, things would be different.",1136,1112,False,False,131,39,5,False,lastino21,1
emilyygerdes,Clemson // chi o,1443,759,True,False,143,34,0,False,emilyygerdes,1
lauren_baeza,lkn || clemson || ΣΚ,1155,1006,True,False,167,12,0,False,lauren_baeza,0
bridgetjoyce11,mount '19 // ud t&f ‘23,1220,1126,True,False,62,3,0,False,bridgetjoyce11,1
sarahkocherr,Clemson // Isaiah 60:22,1862,1220,True,False,138,37,2,False,sarahkocherr,0
hannahhburnss,"clemson '22 || ΑΧΩ || club volleyball
@thesensibletiger",1833,1549,True,False,142,51,7,False,hannahhburnss,1
elizapasterik,CLEMSON ‘22 // @clemson_chio,1512,1404,False,False,119,33,0,False,elizapasterik,1
carolinecheatham_,Florida • Clemson • aphi,2837,894,False,False,116,23,0,False,carolinecheatham_,1
raleigh.mccabe,"Clemson Class of ‘23// @clemsonkappadelta 
Snap:ramccabe",1014,1035,False,False,69,73,5,False,raleigh.mccabe,0
suzannatiffin,1 Peter 4:8 | clemson '23 ΚΚΓ,1277,1274,True,False,63,86,0,False,suzannatiffin,1
maisiepaulson,uh hilo wsoc,1716,1343,False,False,103,1,5,False,maisiepaulson,1
ali_alcala,☆ Clemson ‘23 ΔΔΔ,1393,1646,True,False,137,90,0,False,ali_alcala,1
addisonethredge_,clemson ‘23 || kappa delta,1371,1286,True,False,28,102,0,False,addisonethredge_,1
liana.j.d,New account,522,577,True,False,2,2,1,False,liana.j.d,1
cormickstockham,"DTX || Clemson 
@kkgclemson �",1388,1306,False,False,51,98,2,False,cormickstockham,1
hunterb013,Actual giant // Crew // Clemson CompE,689,634,True,False,113,55,0,False,hunterb013,1
jamie.reidd,"gcsu ‘23 | kappa delta
snap | jreid1313",1637,1579,True,False,60,19,4,False,jamie.reidd,1
cameroncuffe,"Tampa, FL � ΚΔ
Clemson University",1052,898,False,False,265,66,0,False,cameroncuffe,1
hacklytics,Hacklytics is the annual datathon hosted by Data Science at Georgia Tech. We aim to drive positive global change through the field of data science.,327,924,False,False,18,0,0,False,hacklytics,1
_laurencarder_,chicago // clemson,921,772,True,False,82,25,4,False,_laurencarder_,1
grantfwilkins,Clemson ‘23,923,658,False,False,15,35,0,False,grantfwilkins,1
india.a.johnston,,1416,1326,True,False,32,15,5,False,india.a.johnston,1
sleepyuniverse,"caffeine, canines, & chaos
clemson ⋆ psychology
� : @espressoteric",314,167,True,False,23,3,9,False,sleepyuniverse,0
racquelle.vellandi,"orange county, ca ☆ clemson equestrian ☆ aphi",1055,968,False,False,54,43,3,False,racquelle.vellandi,1
sophieturpin,� Clemson ‘23 �,1516,1091,True,False,18,45,0,False,sophieturpin,1
adri.mosh,Clemson ‘22 | Sc: adriannamosher,781,722,False,False,53,45,1,False,adri.mosh,1
katysnider,"Nothing else satisfies, only You, Lord
Clemson ‘23 | ΚΔ",1054,1190,True,False,127,88,0,False,katysnider,1
emilykeirr,go tigers // @clemson_chio,1493,1252,True,False,230,44,1,False,emilykeirr,1
lizzcrain,FM // Clemson // @clemsonkappadelta,2090,870,True,False,130,81,0,False,lizzcrain,1
caroline.earle,Deuteronomy 31:6 | CU ‘23,937,1091,True,False,55,15,0,False,caroline.earle,1
sarahemaunsell,clemson �★ st giles '03 ★ ����������‍♀�� @axoclemson,2121,1704,True,False,91,64,1,False,sarahemaunsell,1
laurenrielly,,1551,456,True,False,16,15,5,False,laurenrielly,1
ashleysnuggs,Clemson ‘23 | @skclemson,1523,904,True,False,52,24,0,False,ashleysnuggs,1
reaganhamm_,clemson ‘23 � ΧΩ,1637,1490,True,False,95,67,0,False,reaganhamm_,1
eanesbeans,"Clemson University ‘23 ΔΔΔ
THF #savagestrong",1692,1568,True,False,275,74,0,False,eanesbeans,1
rachelganderson,"the river, the spout // Clemson ‘23 // ρρρ",1254,1283,True,False,64,93,0,False,rachelganderson,1
catherine.ggreen,clemson ‘23 ���,654,558,True,False,21,20,0,False,catherine.ggreen,1
erinstitt16,comparison is the thief of joy.                                                              @adpi_gcsu,1082,909,False,False,31,7,2,False,erinstitt16,1
datboyshell,RB Marshall football �AllaboutAFE ALLaboutAKE #Free�arz ������,2656,1889,False,False,51,11,1,False,datboyshell,0
lauramarti98,Clemson ���,889,814,True,False,203,2,0,False,lauramarti98,0
bellaakup,CT ≫ CLEMSON • @skclemson,1421,1157,True,False,43,43,0,False,bellaakup,1
jd_coles,"• Clemson ‘22 •       
|@deltazetaclemson |",1043,1021,False,False,58,25,5,False,jd_coles,1
jaimeburczewski,"clemson chi o
not too groovy",1283,689,True,False,119,44,3,False,jaimeburczewski,1
gracekishh,"Atl | Oxford
@olemisskkg",3222,1591,True,False,90,34,0,False,gracekishh,1
natasha.vangrouw,"♥ clemson ‘23
� alpha phi @clemsonalphaphi  
♥ snap-natasha_kate1
� hhi ↝ clemson",827,1049,True,False,181,46,0,False,natasha.vangrouw,1
maddiee_joness,be the light → Mathew 4:15,787,970,True,False,29,22,0,False,maddiee_joness,1
chaseaustin___,sc: chase1500000,1151,946,False,False,2,134,0,False,chaseaustin___,1
rylee._.bell,�� ��� ��� � ����� �‍♀��‍♀�,578,924,False,False,4,35,4,False,rylee._.bell,1
erinfrancese,scituate ma  ☆  clemson,1321,951,True,False,91,13,5,False,erinfrancese,1
renedykstra,DELTA ZETA | CLEMSON,1497,1668,True,False,65,28,0,False,renedykstra,1
brown.han,clemson | tridelta,1991,1428,True,False,218,56,6,False,brown.han,0
transfersofvu,We are transfer student leaders who help facilitate Transfer Student Orientation and support the success of transfer students!,503,838,False,False,54,2,0,False,transfersofvu,0
argresham,clemson ‘23 � FTK � AΦ,775,715,True,False,143,50,0,False,argresham,1
franceskirk6,"Columbus, OH ��
UA Crew '19 • Clemson Crew ‘23",554,698,True,False,93,37,3,False,franceskirk6,1
emilygallagher74,"greenville, sc || @clemsonpiphi",1149,1204,False,False,128,32,0,False,emilygallagher74,1
emma.amrien,Gville ☆ Clemson ☆ Alpha Phi,1073,1247,False,False,29,21,0,False,emma.amrien,0
elliepattee,uga ‘23 � ΔZ                                             Sc @elliepattee,2329,2045,False,False,282,4,0,False,elliepattee,1
sarah.berger,Clemson • KΔ,1129,843,True,False,51,63,0,False,sarah.berger,0
jakecartrett,"G O D
Sc: Jakecartrett",1388,841,True,False,3,50,0,False,jakecartrett,1
julialiland,"snapchat: juliahooliaa
Nj // Clemson ‘22",824,858,True,False,99,7,1,False,julialiland,1
sydschier,"his love never fails
clemson | chi o",1865,1592,False,False,86,75,2,False,sydschier,1
aimeegrace17,"~Not all who wander are lost~
amosc: aimeegrace.23",632,1495,True,False,28,29,10,False,aimeegrace17,1
srnewsupdates,,71,5,True,False,63,45,0,False,srnewsupdates,1
sanders_inabinet,@kkgclemson �,1844,1187,True,False,192,77,2,False,sanders_inabinet,1
josephine_rohrer,CU ‘23,1293,690,False,False,32,34,2,False,josephine_rohrer,1
iamkroot,"� Clemson 22’ � KΔ �
� kill em with kindness �",1520,1470,True,False,88,74,7,False,iamkroot,1
mc.fresh,☆ CU ‘23 ☆                                                          @axoclemson,1661,1503,False,False,62,43,0,False,mc.fresh,1
gmiller00,clemson 23 // dz!!,1091,1064,True,False,38,88,0,False,gmiller00,1
suzanne_moorman,"cola, sc�// @clemsontridelta",1425,1103,False,False,26,76,1,False,suzanne_moorman,0
tyler_alcala,Atl | Clemson ΔΔΔ,1787,2320,True,False,136,102,0,False,tyler_alcala,1
thehackgt,Student organization and 501(c)(3) non-profit at Georgia Tech dedicated to Computer Science outreach in collegiate and high school communities.,861,66,False,False,49,3,1,False,thehackgt,0
_mary.flanagan_,"All for His glory 
UGA ‘23",964,1048,True,False,113,4,2,False,_mary.flanagan_,1
savannah_doughty,Chaug ‘19  Clemson ‘23 @clemson_chio ΧΩ  //snap: savannahd0610,1677,1731,True,False,21,91,0,False,savannah_doughty,1
michaela_santelia,clemson ‘23,1586,1158,True,False,123,107,0,False,michaela_santelia,1
maddiegracecarter,"SC � Clemson ΑΔΠ ‘22
@shopgingerly",1574,1122,True,False,98,25,5,False,maddiegracecarter,1
eliana__b,fcs’21// WCIO,1219,1219,True,False,11,68,5,False,eliana__b,1
madelyndullea,GVL • Clemson ΔΔΔ,1296,1125,True,False,155,61,0,False,madelyndullea,0
ellabinkley,gcsu ‘23 // zeta ♛,1004,988,False,False,102,7,3,False,ellabinkley,1
k8cola,annapolis md �,1014,957,True,False,55,21,3,False,k8cola,1
bgdeskins,Clemson ΔΔΔ,2192,1722,True,False,102,91,0,False,bgdeskins,1
gracynkarp,VBVA � CLEMSON 23’��⚡�� @axoclemson                                   sc//graaaymaaay,1771,1275,True,False,129,66,0,False,gracynkarp,1
virginiablandford,clemson ‘23 ☆KKG ☆ @kkgclemson,1615,1578,True,False,113,52,0,False,virginiablandford,1
eadonlee,matthew 6:21 | clemson kd,1093,1134,True,False,55,68,0,False,eadonlee,1
morgann.gardner,Clemson ‘23,2081,1620,True,False,233,53,0,False,morgann.gardner,1
brookebillings_,"Burg, SC | Clemson  ΧΩ | Luke 6:37 �
@clemson_chio",2315,1601,True,False,74,24,0,False,brookebillings_,1
mcclain_reed,Sc: mcclainreed,415,449,False,False,11,151,0,False,mcclain_reed,0
lukeschmidts_father,,112,164,True,False,47,34,0,False,lukeschmidts_father,0
kenz.kingerski,"prosper,tx | clemson ‘23
K∆
@reidbruton",1649,1334,False,False,79,93,5,False,kenz.kingerski,1
addisonmohl,CLEMSON ╳ ZTA,2688,1575,False,False,72,114,0,False,addisonmohl,1
iviegatlin,hiii,1928,837,True,False,370,0,0,False,iviegatlin,1
lizzycjordan,clem 22,2617,1111,False,False,82,62,0,False,lizzycjordan,1
jessicahardiman,"clemson ‘23
there is beauty in simplicity",1083,601,True,False,58,44,2,False,jessicahardiman,1
oliviagroach,Clemson ‘23,1644,998,True,False,70,37,1,False,oliviagroach,1
haydenpumphreyy,livin’ for Jesus�,2257,985,True,False,11,7,10,False,haydenpumphreyy,1
jordan_moran16,hilton head island | clemson university '21,652,769,False,False,55,4,0,False,jordan_moran16,0
ellagracerudolph,"��mama��
tiktok-egrudolph �",4676,505,False,False,35,38,3,False,ellagracerudolph,1
brennan.dougherty,Clemson ‘23,1608,1359,True,False,76,80,5,False,brennan.dougherty,1
kellydente,brick nj ☼ || clemson ‘23 || ΑΦ,1517,1009,True,False,17,37,7,False,kellydente,0
erinfeehilyy,SCIT MASS � CLEMSON � ZTA,1317,1144,True,False,56,49,0,False,erinfeehilyy,1
maddieclairw,"Greenwood, SC 
Clemson University",2196,1421,True,False,116,62,0,False,maddieclairw,1
_hannahchappell,SC | Clemson ‘23 | @axoclemson �,2308,1083,True,False,57,79,0,False,_hannahchappell,1
katerollins16,"nc | @clemsonkappadelta
@krollins_design",1513,967,True,False,112,71,0,False,katerollins16,1
kendra_guarnieri,clemson \\ aye chi oOo,1022,814,True,False,100,33,3,False,kendra_guarnieri,1
nick.guz,You can never truly know the value of a moment until all that’s left of it is a memory.,443,711,False,False,4,89,0,False,nick.guz,0
emma_shank,"clemson ‘23  
• i will build my life upon your love •
FTK // @clemsonmiracle",794,860,True,False,11,21,4,False,emma_shank,1
joecarmstrongsr,,8,16,True,False,1,6,0,False,joecarmstrongsr,1
rachel.harley,CU ‘23 • KΔ,1214,1109,True,False,102,78,0,False,rachel.harley,1
kaylasgray,to live is Christ ☆  clemson kd ☆ wren yl,967,883,True,False,51,69,12,False,kaylasgray,1
grace_marchese,317 | Clemson Nursing | ΧΩ                    @clemsonpanhellenic,1337,1170,True,False,145,40,0,False,grace_marchese,1
carolineross13,Knox—>Clem// clemson 23’ ΖΤΑ ♛,1821,1410,True,False,71,69,8,False,carolineross13,1
michaelacuoco12,CHS || Clemson ΔΔΔ,1493,1054,True,False,91,73,0,False,michaelacuoco12,1
lindseyleschack,Clemson � @clemsonkappadelta,1567,636,True,False,65,79,2,False,lindseyleschack,1
sydtindall,"chattanooga, tn ~ clemson university @clemsonkappadelta",2461,2078,True,False,135,109,5,False,sydtindall,1
oldrowcommodores,"•Old Row account for Vanderbilt University
•Affiliate of @oldrowofficial
•Not affiliated with Vanderbilt University
•DM pics, videos to be featured",953,130,True,False,11,2,0,False,oldrowcommodores,0
emilydancygier,�� � �������  ͛�� � ��� �,1128,1099,True,False,60,48,6,False,emilydancygier,1
malhatchett,"clemson university ΚΔ
|| john 15:5 ||
|| JOY ||",1658,1791,True,False,78,112,4,False,malhatchett,1
cortneygrayy,"☆ cort_gray479 // snap 
☆ Clemson ‘23 || @clemsonadpi",1322,1035,True,False,91,57,4,False,cortneygrayy,1
lilliebudnick,Charlotte || Clemson,1179,945,True,False,156,11,3,False,lilliebudnick,0
kt_lee,"Nashville, TN 
Clemson '23
↓ ♰ ↑",1668,827,True,False,47,48,0,False,kt_lee,1
acsharrison,atl,1557,786,False,False,72,10,2,False,acsharrison,1
annaclairebaileyy,gsu kappa delta�// mtp� @annabaileydesigns,22351,2098,False,False,376,47,5,False,annaclairebaileyy,1
haydenreinarz,ATX || Clemson ΧΩ,1739,1855,True,False,173,43,0,False,haydenreinarz,1
claire_polak,"dtx � Clemson ‘23 
@clemsonkappadelta",1599,1403,False,False,108,81,0,False,claire_polak,1
meg_templeton,CU ‘22  || Jan is cooler than me || @clemsonkappadelta,1211,844,True,False,231,68,4,False,meg_templeton,1
sallie_fm,Greenville | Clemson | KKG,1910,1512,True,False,62,74,4,False,sallie_fm,1
maddie_ettmueller,☆ georgia southern ☆ @chiomegagsu,1049,972,False,False,18,16,0,False,maddie_ettmueller,1
mmmayayaya,Chs | CU ΔΔΔ,2066,987,False,False,189,87,0,False,mmmayayaya,1
maddiekirkland_,COLA | CLEM,1494,1205,False,False,50,48,3,False,maddiekirkland_,1
aabbeybrownn,nashville | clemson university ‘23 | @clemson_chio,1359,1214,True,False,102,56,0,False,aabbeybrownn,1
casey.rochford,NJ | Clemson University | ΑΔΠ,884,855,True,False,43,39,4,False,casey.rochford,1
ansley.stone,"clemson '23 
choose joy ☆ expect miracles",776,596,True,False,43,14,1,False,ansley.stone,1
_chandlerpatrick,"sumter, sc ⋆ clemson ΔΔΔ",1371,1313,True,False,39,81,5,False,_chandlerpatrick,1
addison_skinner,NC // clemson ‘23,1115,1335,True,False,114,32,4,False,addison_skinner,1
carolinebarrows,Faith Over Fear ||  Clemson University ‘23,2243,1534,True,False,260,50,7,False,carolinebarrows,1
sfcloud,Clemson KD,2041,1896,True,False,262,76,0,False,sfcloud,1
brynnbeaton,"Boulder, CO ☀� Clemson ‘23
@clemsonpiphi | @clemsonget 
~appreciate the little things~",608,673,True,False,18,19,6,False,brynnbeaton,1
marybethsilva_,"md || clemson KΔ 
snap: mbsilva7",1267,1290,True,False,80,72,2,False,marybethsilva_,1
patricia.egan,PHL �� CLEMSON,1652,1423,True,False,55,6,5,False,patricia.egan,1
anna_birchfield,I will trust the one who steadies me | Clemson | AΔΠ,1438,1379,True,False,150,30,8,False,anna_birchfield,1
annalisa_hosea,"CU ‘22 ~ ΧΩ 
Groovy man",1021,858,True,False,65,41,0,False,annalisa_hosea,0
shreya_thammana,"clemson honors ‘23 � • greenville, sc • clf, france • shanghai, china",523,510,True,False,28,23,5,False,shreya_thammana,1
alleecobb,"★ @clemsonkappadelta ★
choose joy!!!",1725,1195,True,False,135,76,0,False,alleecobb,1
annascottgardner,loves dogs and starbucks morning buns                       @clemsonadpi,1612,1377,True,False,62,64,3,False,annascottgardner,1
molly.wiggins,Clemson Honors ‘23 | @clemsonkappadelta,1595,1025,True,False,93,84,4,False,molly.wiggins,1
madilbrown,California | CU’21,1297,1122,True,False,154,2,0,False,madilbrown,1
kelseyvrooman,"Clemson University ‘23 |  Darien, CT 
ΧΩ",1647,1611,True,False,76,68,0,False,kelseyvrooman,1
mackinley.hoffman,"fm, sc // clemson
kaydee�",1313,982,True,False,37,86,0,False,mackinley.hoffman,1
jennawilsonn_,"because of Him, I am set free•
wilmington, north carolina || clemson ‘23 @clemsonalphaphi",1381,1325,True,False,131,56,5,False,jennawilsonn_,1
annakateparham,AK • #staytrippy • Clemson ΚΚΓ,2752,2069,True,False,340,46,0,False,annakateparham,1
elisabethsachtleben,"clt, nc | clemson ‘23 
so many reasons to smile !!!!
☻  ☻  ☻",1429,1245,True,False,261,69,6,False,elisabethsachtleben,1
meghan_mcclanahan,clemson ‘23 ⚡� ΑΦ,1446,1298,True,False,248,56,4,False,meghan_mcclanahan,1
maggietyler_,DTX ☆ Clemson ‘23 ☆ @clemson_chio,1512,1452,True,False,83,73,3,False,maggietyler_,1
macycwolf,greenville ☆ @kkgclemson,2446,1559,True,False,106,108,0,False,macycwolf,1
liseyloo831,rfd | @clemsonkappadelta,1183,1152,True,False,108,78,0,False,liseyloo831,1
batts28,"Culver Academy ‘20 | Wharton ‘24 | UPenn Lacrosse
Huntsville, Alabama",2753,1909,True,False,116,10,0,False,batts28,0
belllaziolek,"nh @axoclemson
tigs on top",2378,2656,True,False,575,44,3,False,belllaziolek,1
breland_gann,Clemson ‘23 ΔΔΔ,1325,1067,False,False,43,78,0,False,breland_gann,1
mabeltunstall,"wilmington || clemson 
@clemsontridelta",1342,1109,True,False,94,96,1,False,mabeltunstall,1
emilyrezac_,ATL | @adpi_gcsu ‘23                                              ⋆ ☼ ⋆,3429,1918,True,False,184,13,2,False,emilyrezac_,1
kaylananderson,MA // @kkgclemson,1258,942,True,False,28,76,0,False,kaylananderson,1
olivia.calias,Clemson University•KΔ,1822,1580,True,False,69,74,0,False,olivia.calias,1
emauck29,,1607,1729,True,False,179,75,0,False,emauck29,1
kendallcopeland,hey what’s up hello // clemson // ☆ ZTA ☆,1445,1056,True,False,129,46,4,False,kendallcopeland,1
stephareford,Clemson ⚡� @clemsonalphaphi,947,1007,False,False,19,34,0,False,stephareford,0
mabryramey,"Greenwood, SC | Clemson ΔΔΔ",1876,1026,False,False,354,122,6,False,mabryramey,1
abbmccann,"rhode island � clemson
ΧΩ",1530,1004,True,False,73,53,3,False,abbmccann,1
delaneyskelly,CT ⚡� CLEMSON ⚡� ZTA,1585,688,True,False,127,36,3,False,delaneyskelly,1
jillianbostek,"roll with the punches 
jersey • clemson • aphi",1351,1323,False,False,37,27,1,False,jillianbostek,0
audreyrhartis,rock hill s.c.| clemson � tri delta,2355,1882,False,False,235,76,8,False,audreyrhartis,1
kellydrummondd,"Charleston, SC � Clemson ‘23
@axoclemson",1550,1508,True,False,76,63,0,False,kellydrummondd,1
hannah.t.matthews,"in Christ alone. 
north carolina 
� clemson²³",1241,868,False,False,112,58,7,False,hannah.t.matthews,1
juliaaanorman,"lakeland, fl || clemson ‘23 || KKΓ                                                          
sc:jujunorman.1",2843,2419,False,False,111,60,5,False,juliaaanorman,1
sophiarosso,"� Baltimore ↦ Clemson �
@axoclemson",2454,2212,True,False,221,99,4,False,sophiarosso,1
hackharvardcollege,"Official Instagram for all things HackHarvard. Our fifth annual hackathon just happened, October 18-20, 2019!",432,65,False,False,27,2,1,False,hackharvardcollege,0
mollypaulison,mn ☆ @axoclemson,1904,1123,True,False,68,56,0,False,mollypaulison,1
ellenspiers,"Greenville || Clemson ‘23 
@clemsontridelta",2192,1432,True,False,139,106,0,False,ellenspiers,1
livdisilvestre,� Clemson � AXΩ �,1694,1369,True,False,42,58,0,False,livdisilvestre,1
alexis.purple,"��yes, it’s my last name
��snap • stonehorsegurl
��ATL",3386,1735,False,False,81,33,5,False,alexis.purple,0
mary_grape,clemson � @axoclemson � ycg,1720,1748,True,False,145,47,0,False,mary_grape,1
autumnweinig,"☆ clemson ☆ maryland ☆ pi phi ☆
                funky fresh dawg",1023,1011,True,False,42,39,3,False,autumnweinig,1
kirbyybagwell,delray beach fl ☆ clemson univ ☆ @clemsonalphaphi,1564,1227,True,False,223,39,8,False,kirbyybagwell,1
momomidds,"see good in all things | cu ‘23
     @clemsonkappadelta",1636,1070,False,False,168,105,8,False,momomidds,1
michaelahansenn,"PH || AL II alpha omicron pi
Philippians 4:13",1807,3374,True,False,16,4,6,False,michaelahansenn,1
anniewalke,"clemson 23 • ΑΔΠ
venmo: anniewalke",1936,1410,False,False,155,62,5,False,anniewalke,1
gracieewellss,"Clemson ‘23
Jeremiah 29:11",596,694,True,False,5,31,1,False,gracieewellss,1
denuckolls,gvl | clemson ΔΔΔ,2109,1574,True,False,47,97,1,False,denuckolls,1
oliviakadee,,1254,756,True,False,32,23,0,False,oliviakadee,1
maryev_dill,Clemson ΧΩ,1193,1119,False,False,73,63,0,False,maryev_dill,1
lucia__williams,fmsc // CU // @clemsonkappadelta,1958,914,True,False,105,108,2,False,lucia__williams,1
lizasegars,clemson ΔΔΔ,1714,995,True,False,89,90,8,False,lizasegars,1
amandaamontes,"miami, fl 
clem
@axoclemson",1349,1191,True,False,114,59,7,False,amandaamontes,1
case0201,"☆ if the stars were made to worship so will I ☆
clemson university | ΣΑΩ
donate to the miracle network help some kids!!! link below check it out!",1514,1688,True,False,260,24,0,False,case0201,1
avabarros,"clemson u ‘23 
ayee chi o",1149,476,False,False,54,29,6,False,avabarros,1
rachael.levine,CLT � CLEM’23,1202,686,True,False,73,48,0,False,rachael.levine,1
faith.dettmann,Chicago | Clemson ‘23 | ΑΦ,1229,1106,False,False,8,67,0,False,faith.dettmann,1
laurendhinkle,atx // @clemsonkappadelta // be authentic !!,1884,2313,True,False,23,114,7,False,laurendhinkle,1
anna_peacock,"columbia, sc || clemson ΔΔΔ",1854,1686,True,False,132,88,3,False,anna_peacock,1
fellowship_christian_school,Ready The Remarkable,1457,98,False,False,2014,129,1,False,fellowship_christian_school,0
laurenkerwin_,"New Jersey & Clemson & Kappa Delta
snap: lauren_kerwin",1692,1450,True,False,274,109,15,False,laurenkerwin_,1
charlottegraceberg,"“Let all that you do be done in love”
1 Corinthians 16:14",509,631,True,False,5,122,2,False,charlottegraceberg,1
lilly.green,cu ‘23 � @deltazetaclemson,1584,1596,True,False,107,49,3,False,lilly.green,1
erinsikaitis,michigan ∥ clemson zta,1580,1380,True,False,129,37,5,False,erinsikaitis,1
hannah_marsh,Gville ★  Clemson University ‘21,3952,1392,False,False,303,18,4,False,hannah_marsh,1
pearsongroom,"Clemson ‘22 // KKΓ
 sc: pearsong",1538,1604,False,False,79,70,0,False,pearsongroom,1
catherineccampione,"VB, FL � @axoclemson
don’t look at me like that.. @lizdrastal",1756,1385,True,False,60,75,1,False,catherineccampione,1
elizabeth_moseley,"Charleston, SC // @clemsonalphaphi",1571,977,False,False,81,39,0,False,elizabeth_moseley,1
christinemlu,phl ☆ clemson ☆ piphi,1155,1021,True,False,63,13,3,False,christinemlu,1
havenflesch,His love endures forever || Clemson adpi,1641,798,True,False,63,48,0,False,havenflesch,1
savannah.till,Clemson ‘23,1826,828,True,False,48,15,5,False,savannah.till,1
jenna.perry11,DC | clemson XΩ,2228,1713,False,False,50,63,6,False,jenna.perry11,1
alina.kazmi,"Clemson University ‘23 
♛ ZTA ♛",1785,1323,False,False,57,70,5,False,alina.kazmi,1
briggsedmunds,"why not? // snap: briggsedmunds
clemson ‘23 ΔΔΔ",2170,1593,True,False,103,103,3,False,briggsedmunds,1
delaney_d_,"Clemson ‘23
snapchat// laned04",1905,1033,False,False,48,13,0,False,delaney_d_,1
jennagraves__,ftl | @clemsonadpi,2915,2225,True,False,135,66,7,False,jennagraves__,1
nataliebondd,Clemson University ‘22                                                                             ☆ KKG ☆,1792,1453,False,False,83,75,6,False,nataliebondd,1
peyton.koberg,★ clemson nursing ★ @clemsonadpi,2119,1209,False,False,76,93,6,False,peyton.koberg,1
smilemegan,"Clemson ‘23 � @kkgclemson 
His mercies are new every morning ♡",1695,1338,False,False,50,67,0,False,smilemegan,1
jesscossaboone,"nj
@clemson_zeta 
sc: jessiecoss",1096,797,False,False,44,26,5,False,jesscossaboone,1
libby.deronne,☆ CLEMSON ‘23 ☆ KAPPA,2492,1681,True,False,125,130,5,False,libby.deronne,1
13gracemichel,Clemson ΚΚΓ ☆ Proverbs 3:5-6,1220,978,True,False,98,57,5,False,13gracemichel,1
catpaphites,clemson ‘23 // ΔΔΔ,1924,1149,False,False,99,98,6,False,catpaphites,1
sophiaquinque,"� Charleston, SC
� Clemson ‘23",1379,867,True,False,89,28,5,False,sophiaquinque,1
jessiehoerner,"~ mb, sc
@clemsontridelta
sc: jessayyy1
����������",2421,1669,False,False,136,120,6,False,jessiehoerner,1
sydneydag,"Nashville, TN // Clemson ‘23 @clemsonadpi �",2308,1448,False,False,93,43,0,False,sydneydag,1
olivia_jones006,�O L I V I A�//dancer// jfca,214,445,True,False,12,9,2,False,olivia_jones006,1
cnlesesne,Clemson ΔΔΔ,2065,1344,True,False,161,82,0,False,cnlesesne,1
autumnoshields,"a constant work in progress !! lover of kids, rainy days, & picnics! I also aspire to ride my yellow bike on the moon someday! (Probably?!) ��Clem 23’",4687,1788,True,False,609,141,33,False,autumnoshields,1
abbykdugan,"Clemson ‘23
myrtle beach, sc
sc: abbydugan15",920,852,True,False,130,26,7,False,abbykdugan,1
_samanthajones_,"�����‍♀��
Charlotte NC | Clemson ‘23
sc: samanthajones1
Comparison is the thief of joy ◡̈ ◡̈ ◡̈",2575,1046,False,False,136,75,5,False,_samanthajones_,1
livtonetti,"�
PHILLY~Clemson ‘21",1792,1857,True,False,163,21,0,False,livtonetti,1
gracecarolineb,gc�clemson ‘23,1066,958,True,False,67,13,0,False,gracecarolineb,1
chrissy.nicole,"Greenville ☆ Clemson
 @cutigertwirlers",1051,828,True,False,46,16,2,False,chrissy.nicole,1
karliehilll,long island | clemson | kkg ���,1848,1795,False,False,52,119,4,False,karliehilll,1
amanda.salameno,nj ⋆ clemson ‘23 ⋆ ΑΦ,1448,1265,True,False,89,45,1,False,amanda.salameno,1
baileycardone,Greenville | Clemson ‘23 | @kkgclemson,2997,2937,False,False,100,109,4,False,baileycardone,1
sarah_orie,"lived to tell the tale 
clemson ‘22 | ΑΔΠ",1262,996,True,False,56,23,0,False,sarah_orie,1
laraabyrnee,lbny || clemson ‘23 || AΦ,1265,912,False,False,109,38,1,False,laraabyrnee,1
rycarlton,New York � @clemson_chio,1698,1479,True,False,69,72,5,False,rycarlton,1
jess_pittman_,"that’s showbiz baby 
clemson ‘21 @clemsonalphaphi",1226,1071,True,False,156,32,4,False,jess_pittman_,1
megann_clarkeee,� NJ � @clemson_zeta,1398,1105,True,False,237,45,5,False,megann_clarkeee,1
abbie.panuccio,"GREENVILLE, SC  ★ CLEMSON ★ ΑΔΠ",1892,1654,True,False,53,75,3,False,abbie.panuccio,1
sarabaldwin1,clemson ♛ zta,3704,1506,False,False,174,35,2,False,sarabaldwin1,1
miaacarrillo,@clemson_zeta,1744,1159,True,False,16,50,8,False,miaacarrillo,1
maddie.mearns,Clemson ‘23 | AXΩ �,1558,1574,True,False,137,47,1,False,maddie.mearns,1
meredithpryals,"whateva you do sis keep it cute sis 
georgia college | @ztagcsu ♕",1575,1413,False,False,199,7,0,False,meredithpryals,1
abbydewulf,"do small things with great love
ATL | clemson ‘23 | ΑΔΠ�",1139,887,False,False,121,39,2,False,abbydewulf,1
myamccormack,"va | clemson
@dithpothables",2853,2069,True,False,35,85,6,False,myamccormack,1
tyler_h0use,,857,599,True,False,16,11,0,False,tyler_h0use,1
caleighcald,"all to Him I owe |  @clemson_zeta 
snap: caleighhh01",1837,912,False,False,99,36,0,False,caleighcald,1
la_da_dottie,//clemson’23// ΔΔΔ                                                      @clemsontridelta,1769,987,True,False,150,80,6,False,la_da_dottie,1
jennamccall2000,clemson ‘22 � |  jonah 2:2,895,329,True,False,47,7,3,False,jennamccall2000,1
juliaellen74,"greetings loved ones let’s take a journey 
NC // @clemson_zeta",1343,1444,True,False,178,29,8,False,juliaellen74,1
madileeboyd,"rock hill, sc | clemson ‘23!!! 
� � smile & love others",1389,1087,True,False,81,32,8,False,madileeboyd,1
elizabethwhalenn,nj ☆ clemson ‘23  ☆ AΦ,1494,1215,True,False,148,64,0,False,elizabethwhalenn,1
carolynrostkowski,fl ☆ clemson ☆ KΔ,1668,1124,True,False,37,84,0,False,carolynrostkowski,1
kayla_hejlik,@clemsontridelta �,2809,1097,False,False,114,105,4,False,kayla_hejlik,1
saragatesmay,"clemson | kappa delta
just the life of a blessed mess.",1517,1181,True,False,119,77,5,False,saragatesmay,1
kenziehechtel,"☆ clemson ‘23 
☆ sc: kenziemay23
☆ chi > clt > clem",1268,899,False,False,5,11,2,False,kenziehechtel,1
anna.spencer,"CU ‘23 | ΣΑΩ
Jesus, let them see you in me",1637,1191,True,False,182,21,5,False,anna.spencer,1
maryfeath,birthday twins w/// Stevie Nicks � � � clemmy/// adpi,1473,975,False,False,51,85,0,False,maryfeath,1
sydney.langley,clemson ‘23,1488,855,False,False,73,55,4,False,sydney.langley,1
hana_bernik,NJ • clemson,1880,1329,False,False,118,24,10,False,hana_bernik,1
merediithreese,@clemsontridelta,1477,1230,False,False,154,74,0,False,merediithreese,1
alexandranastasi,"nj ☆ clemson ‘23
@clemsonalphaphi",1880,1034,True,False,194,39,0,False,alexandranastasi,1
campbellbabb,Clemson ΚΚΓ,1122,1242,True,False,47,63,0,False,campbellbabb,1
tscarpenter_,..and yet I will praise Him.,1977,625,True,False,38,41,6,False,tscarpenter_,1
caroline.hudson,"baltimore ☆ clemson 
@kkgclemson",2091,1933,False,False,166,125,5,False,caroline.hudson,1
ktphung,myrtle bch ╳ clemson triΔ,2045,834,False,False,39,89,2,False,ktphung,1
averycarlyn,"You are my joy, my everything�
@clemsonadpi",1774,1531,False,False,56,80,10,False,averycarlyn,1
lizzielathamm,CU’23 ☆ @axoclemson,1548,1133,True,False,48,100,1,False,lizzielathamm,1
embrady_11,"clemson, sc ♡ unbelievably blessed �� CU ‘23 ��� clemson tiger twirler ��",781,210,True,False,53,12,0,False,embrady_11,1
edyehumphrey,@kkgclemson,1931,1048,True,False,97,80,1,False,edyehumphrey,1
miciahpendarvis,Clemson ‘23 ΑΔΠ,1653,1466,False,False,183,48,6,False,miciahpendarvis,1
sara.medei,"☺� bethlehem, pa ☺�
� univ of tennessee �
� ΠBφ @utkpiphi � ��◡�ॣॣ�*.��╟╢ᎯƤƤᎽ*.��",1621,1341,False,False,27,2,5,False,sara.medei,1
kaitshumpy,"walk humbly, love genuinely // clemson university",1808,999,False,False,67,61,7,False,kaitshumpy,1
annawhhite,"�Clemson University Feature Twirler�                                 
•  start each day with a grateful heart  •
@clemsonuniversity ‘23 � 
Team USA ��",4172,1032,False,False,248,20,7,False,annawhhite,1
amazingly_grace67,"Clemson rowing ‘23
@clemsonalphaphi 
A wise man once said: “If you’re not first, you’re last.”",2005,1329,False,False,138,48,13,False,amazingly_grace67,1
sydneybmcmahon,"� book@3BBM.com
� snap � syd1492
� @kkgclemson",3075,2778,False,False,275,96,12,False,sydneybmcmahon,1
goodwinalexx,Clemson University,2366,1155,False,False,179,45,5,False,goodwinalexx,1
landryyhinkle,512,1472,1378,True,False,36,2,5,False,landryyhinkle,1
_emilybrandt,PGH // Clemson ‘23 // ΑΦ,1619,1111,True,False,106,50,4,False,_emilybrandt,1
allyfriberg,"nj☆clemson ‘23
aphi
sc-afriberg33",1236,985,True,False,154,47,0,False,allyfriberg,1
sarahmargaretsandlin,"� CLEMSON ‘23 � CHARLOTTE, NC � ΣK
@sarahmargaretphotos 
� sc- sarahmargaret20",4021,1798,False,False,147,62,23,False,sarahmargaretsandlin,1
braidenvelletta_,"dallas ☆ clemson ‘23
KΔ ☆ @clemsonkappadelta
snap ☆ braidenreese",1930,1777,False,False,65,74,4,False,braidenvelletta_,1
megan.marschewski,KΔ Clemson Univ- NC,1414,1381,True,False,65,66,0,False,megan.marschewski,1
paigearonhalt,@clemsontridelta,1449,921,False,False,106,69,5,False,paigearonhalt,1
bethany_holden5,�Charleston | Clemson | @kkgclemson                                              �seventy times seven | Matthew 18:21-22,1923,1472,True,False,83,77,6,False,bethany_holden5,1
avareagan_,"pawleys island                
Clemson ‘22 � � ΚΚΓ",2093,1648,False,False,185,105,11,False,avareagan_,1
linda_kieu_,"greenville, sc || clemson || tntt pxnvt",1860,1195,True,False,94,47,6,False,linda_kieu_,1
katcoplin,@kkgclemson,1819,1522,True,False,218,103,3,False,katcoplin,1
alidespainn,"Clemson Tennis ‘23 • Δ Δ Δ
Saved by Grace",2498,1975,True,False,55,69,4,False,alidespainn,1
eve.garry,Going Through a Quarter Life Crisis                                                                     |snap&tiktok// eveagarry| @axoclemson,3007,2254,False,False,300,108,7,False,eve.garry,1
juliadonevant,"myrtle beach 
@clemsontridelta",1925,1482,True,False,61,99,2,False,juliadonevant,1
soph.jos,DO IT FOR THE CITY���  ������������ ��  � myrtle ★ ★ @deltazetaclemson ★ ★ sc: soph.jos,1588,1121,True,False,150,44,4,False,soph.jos,1
haley_sharrit,"☆Jacksonville, Florida → Clemson ☆ ΑΔΠ☆
ᴸᴱᵀ ᴹᵞ ᴸᴵᶠᴱ ᵀᴱᴸᴸ ᴼᶠ ᵂᴴᴼ ᵞᴼᵁ ᴬᴿᴱ ♱
Younglife :)",1759,1678,False,False,114,87,10,False,haley_sharrit,1
perksofbeingclaire,"clemson ‘22 | adpi | conway, sc",2941,856,False,False,82,33,6,False,perksofbeingclaire,1
amanda_sanko_,"Pittsford ‘19// Clemson ‘23
Snap: a_sank123                                          ↠ ΠΒΦ",1069,815,True,False,7,18,0,False,amanda_sanko_,1
ellie_rhinehart,@kkgclemson @rtroncampus rep  ���,3137,1538,False,False,121,124,7,False,ellie_rhinehart,1
kallimangean,nj || @clemson_zeta ||,1665,985,True,False,37,59,5,False,kallimangean,1
echaly,Clemson ΔΔΔ,1787,1181,True,False,108,75,0,False,echaly,1
awclark_the_herald_angels_sing,"red headed stranger
clemson alpha chi",2174,2079,False,False,162,64,3,False,awclark_the_herald_angels_sing,1
elizabethlipscomb,,2029,914,False,False,37,0,3,False,elizabethlipscomb,1
macarthurhenderson,greenville � clemson ‘23,1061,978,True,False,45,80,0,False,macarthurhenderson,1
madelinemcelveen,"Hartsville, SC ★ Clemson University",2193,903,True,False,13,6,0,False,madelinemcelveen,1
sydameljar,"good grace good God
@clemsontridelta ΔΔΔ",1865,1304,True,False,107,88,6,False,sydameljar,0
mollydaviss,Clemson Univeristy ‘21                                                @kkgclemson,2609,1576,True,False,44,69,3,False,mollydaviss,1
kendallguyer,"������� ���������� | 843
@clemsonkappadelta",3460,1676,True,False,101,65,3,False,kendallguyer,1
abbeygracebyrd,chs ★ clem ★ @clemsonkappadelta,1655,1048,True,False,171,85,5,False,abbeygracebyrd,1
libbystoughton,Clemson ‘23 // Jeremiah 29:11,1785,959,True,False,205,48,8,False,libbystoughton,1
gwynmia,,2421,1414,True,False,87,3,1,False,gwynmia,1
caleigh_hankins,"☆ clemson kappa ‘23
☆ sc: caleigh64
☆ atl > jxn, ms > sc
☆ saved by His grace",3250,1975,True,False,47,96,4,False,caleigh_hankins,1
prestonheyse,CU ‘22 • SC: preston_heyse                  • Clemson Crew,659,673,False,False,13,60,0,False,prestonheyse,1
kyrapmerrill,clemson 23,1366,999,True,False,44,92,0,False,kyrapmerrill,1
madelinecoker,Clemson ’22 ΔΔΔ,1572,1285,True,False,78,73,1,False,madelinecoker,1
ashlinelaine,"CHS | CU ‘22 | ΑΔΠ
your heart is free, have the courage to follow it�",2114,900,True,False,65,27,2,False,ashlinelaine,1
_victoriathomas,"columbia, sc ☆ ☆ @clemsontridelta",2263,1864,True,False,143,93,0,False,_victoriathomas,1
lilyheinold,"Clemson 23’
snap-palmettolily11",1114,1219,True,False,98,23,0,False,lilyheinold,1
gracebauman46,clemson ☼ AΦ ☼ psalm 30:5,3303,2129,False,False,67,56,4,False,gracebauman46,1
divya.pinto,Clemson 23 | ΚΚΓ,1387,1589,True,False,48,64,5,False,divya.pinto,1
amandaa.weberr,NC � � Clemson University �,1584,1148,True,False,180,23,6,False,amandaa.weberr,1
_keepingupwithkate_,"clemson | @clemsonpanhellenic 
how u livin",1939,1693,True,False,219,78,13,False,_keepingupwithkate_,1
mackenzie_blue_,Clemson | KΔ,1175,1170,True,False,85,74,1,False,mackenzie_blue_,1
annarputnam,Clemson ‘23 || zta⚡��,1598,1076,True,False,186,47,3,False,annarputnam,1
alexandra_michele712,Dogs and tats make me happy. That's about it folks.,5939,2150,True,False,318,0,1,False,alexandra_michele712,1
sammorello,long island • clemson,1460,1089,True,False,126,35,0,False,sammorello,1
marina.terry,"va • clemson • delta zeta
snap: marina.terry",1567,1247,True,False,33,50,5,False,marina.terry,1
annawallacelee,"murrells inlet, sc
clemson university ‘23 
snap • adubs1212",1116,1028,True,False,211,20,0,False,annawallacelee,1
gracie_duff,@axoclemson,2259,2070,True,False,128,45,2,False,gracie_duff,1
emilyeil,"so much better Your way.
clemson | tri delt",2947,2788,True,False,43,96,0,False,emilyeil,1
mademak,2 corinthians 12:9-10 | clemson | ΚΔ,1031,989,True,False,102,83,3,False,mademak,1
bry.lawlor,"NOVA⚡� Clemson’23 
@clemsonkappadelta
���
#mathiasstrong�",1672,1286,True,False,108,90,11,False,bry.lawlor,1
madeline_beverly,"conway, sc ☆� clemson ‘23
snap ☆� madelineb14",1268,1175,True,False,10,14,1,False,madeline_beverly,1
marybethgreene,"Lover of the Lord & the Clemson Tigers �
Clemson University ‘22  | Alpha Delta Pi 
Greenville, South Carolina",4478,4029,False,False,149,85,13,False,marybethgreene,1
gracemcmillan_,Clemson ☆ K K Γ,9037,3135,True,False,1387,90,4,False,gracemcmillan_,1
esmoak,Charleston | Clemson ‘23 | ΔΔΔ,3003,1534,True,False,163,83,0,False,esmoak,1
_isabel.grace,"by grace through faith 
HHI ☆ CU ☆ ΑΧΩ
sc: isabel.L7",2842,2321,True,False,104,74,6,False,_isabel.grace,1
caroline.hendrix26,"clemson ‘23
create in me a clean heart",1328,671,False,False,12,49,0,False,caroline.hendrix26,1
emilyroudebush,"CHS ☆ Clemson ‘22 ☆ AΦ
2 Corinthians 5:7
hootie & the blowfish enthusiast
@em_poweredwellness",2083,3287,False,False,826,50,18,False,emilyroudebush,1
madison_skipper,HTX ☆ CLEMSON ZTA,1832,935,True,False,191,29,0,False,madison_skipper,0
nicole.ashleyyy,GCSU ‘23  � ZTA �                                                          Sc: nicole2019a,1381,1475,True,False,185,3,6,False,nicole.ashleyyy,0
ali_r1,gvl ☆ Clemson ‘22,1096,1041,False,False,66,17,2,False,ali_r1,0
allanaoshields,"Cali Allana-Marie O’Shields
Saved by grace | Clemson '22 | KΔ | Scotland",2089,2021,True,False,155,88,13,False,allanaoshields,0
emmaline17,"CHS || CU ‘22 || ΑΧΩ || 4Γ
Him ��
@saltygalsdesigns",1802,2079,True,False,331,72,10,False,emmaline17,0
callienjarrett,☆ C L E M S O N ‘ 2 1 ☆,2063,942,True,False,272,9,7,False,callienjarrett,0
a.wilhite,"My brokenness is a trophy of His grace †
Charleston, SC
Clemson University ‘23
@clemsonkappadelta 
support missions in Thailand!! ��",2531,2027,False,False,137,107,6,False,a.wilhite,0
mallory.mccormick,DE | Clemson ‘23 | ΧΩ,1725,1346,True,False,82,51,4,False,mallory.mccormick,0
e.m.paradise,Clemson Women’s Rowing ΓΦΒ I only obey the fire marshal,1019,2128,False,False,185,9,0,False,e.m.paradise,0
averyluce,@clemsontridelta,2431,1783,True,False,94,105,2,False,averyluce,0
stefanielippard,"columbia, sc ☆ @clemsonkappadelta ☆ @vestique brand ambassador 
proverbs 3:5-6",1168,1111,False,False,52,87,9,False,stefanielippard,0
baileyfalcoo,"�nyc.�
Clemson University",1878,1849,False,False,78,17,6,False,baileyfalcoo,0
mollymrowan,DC | Clemson ‘22 | ΠΒΦ,1401,1395,True,False,129,33,3,False,mollymrowan,0
carolinetwombly,nhs ‘18 // clemson ‘22 // chi o,1096,963,True,False,26,46,3,False,carolinetwombly,0
juliaregenstreif,hit it!!!!!!��,950,984,True,False,303,4,10,False,juliaregenstreif,0
morganjackowskii,"@shoplabeye 
CLEMSON � KKG",1876,1394,False,False,70,62,5,False,morganjackowskii,0
kamryndennise_,"when you can’t find the sunshine, be the sunshine � 
� health & fitness insta: @keepfitwithkam 
clemson ‘23 � kappa delta!!!",2101,1303,False,False,421,90,0,False,kamryndennise_,0
carlimc_,"phillyyy
@axoclemson",1826,1049,False,False,114,40,6,False,carlimc_,0
ethang.5,NJ | Clemson | ΦΣΚ,765,774,True,False,27,36,0,False,ethang.5,0
jennaruhl,Garden City �  Clemson                                                                   @kkgclemson,2327,2108,True,False,177,106,3,False,jennaruhl,0
delaney_niemeyer,Wisconsin // Clemson ΔΔΔ,1846,1023,True,False,301,100,0,False,delaney_niemeyer,0
saraanna_sgr_goff,"Hartsville, SC.                                 •Clemson ‘22• @clemsonadpi",3467,2871,True,False,135,48,0,False,saraanna_sgr_goff,0
lizzy.mcclure,hotchkiss 19 • clemson 23 • ΔΔΔ,1447,1190,True,False,29,83,5,False,lizzy.mcclure,0
brooksawoody,be somebody who makes everybody feel like a somebody  ◡̈,1208,1063,True,False,151,21,0,False,brooksawoody,0
kateehickey,kentucky | @kkgclemson,1172,697,True,False,58,85,1,False,kateehickey,0
graciebell.h,"nashville,tn
@kkgclemson",2500,1880,True,False,222,105,1,False,graciebell.h,0
hannahhjoye,"saved by grace
clemson 21 • AΔΠ",1270,1234,True,False,95,28,5,False,hannahhjoye,0
taylorpetrucci,@clemsontridelta,1915,2110,True,False,162,62,0,False,taylorpetrucci,0
mariannafj,"Living for the One who died for me!
� @clemsonkappadelta 
� @_chefmj",1741,1512,True,False,322,76,12,False,mariannafj,0
ashley.doran,"atl / @clemsonadpi ���
free indeed",1385,945,True,False,53,68,4,False,ashley.doran,0
spencerhandler,"CT � CLEM ‘22 � ΧΩ
@universitytees campus manager",1858,1836,False,False,189,45,0,False,spencerhandler,0
clare_maloney,clemson ΔΔΔ,3109,2136,True,False,124,115,0,False,clare_maloney,0
ellisonhorton,Greenville | @kkgclemson,2128,1736,True,False,84,65,0,False,ellisonhorton,0
caroline___murphy,Clemson || ΑΧΩ,1567,1040,True,False,189,39,8,False,caroline___murphy,0
alyssacarfagno,HTX l NYC l CLEMSON ΧΩ,1311,1230,True,False,88,27,3,False,alyssacarfagno,0
haalleeyy__,CU ‘22 | FM | ☆ ΚΚΓ �☆                         @kkgclemson,2119,1406,True,False,283,71,0,False,haalleeyy__,0
_taylorstephenson,Clemson ‘23 || @clemsonalphaphi,2733,1446,True,False,181,76,5,False,_taylorstephenson,0
annsullivanthomas,"Davidson, NC//Clemson 
@kkgclemson",1925,931,True,False,88,96,2,False,annsullivanthomas,0
bowlingallieeee,"Clemson University ‘22 // Chemistry
Humbled Christian. Sports fanatic. Professional procrastinator. Mediocre guitar strummer.
sc: allielindler2",1467,886,True,False,331,11,0,False,bowlingallieeee,0
mackenzie_crotwell,� clemson rally cat � AΔΠ �,1332,720,False,False,84,20,0,False,mackenzie_crotwell,0
laurenccurtis,tampa | clemson ‘23 | ΔΔΔ,1438,857,True,False,146,75,14,False,laurenccurtis,0
brookemoses,"Clemson KKG
Southlake, TX",3483,1254,False,False,181,86,4,False,brookemoses,0
gwynethhlee,just peachy :),1751,749,False,False,44,1,1,False,gwynethhlee,0
alyssa_patrickk,clemson ‘23,1328,760,True,False,22,10,0,False,alyssa_patrickk,0
cailyn110,bos � chi o,1548,948,True,False,92,42,0,False,cailyn110,0
laurascherck,☆ Clemson ‘22 ☆ @clemson_zeta,1093,782,False,False,80,30,0,False,laurascherck,0
emmaggoerl,"⋆ ⋆ ⋆ ⋆ ⋆ ⋆ ⋆ ⋆ ⋆
daughter of the King, lover of Jesus
clemson ☻ KΔ",1889,1287,False,False,113,130,7,False,emmaggoerl,0
clairemiralia,doctor called me sick. I said tru,1127,797,True,False,65,3,12,False,clairemiralia,0
ansleycordero,"clemson ☆ ΑΔΠ 
sc: cordero99",2809,896,True,False,44,35,0,False,ansleycordero,0
sarahmanningg,"Clemson University ‘22
@axoclemson � @clemsontakenote",1862,1268,True,False,115,57,5,False,sarahmanningg,0
mikaelajuskalian,phl | sc � vma 19 � clemson university 23 � @cutigertwirlers  � psalm 114:119,1242,1231,True,False,154,34,6,False,mikaelajuskalian,0
carolinerhenderson,"@clemsontridelta 
His love endures forever",1443,1183,True,False,147,75,6,False,carolinerhenderson,0
laurenstarrette,☆ @clemsonalphaphi ☆,1835,2453,False,False,51,28,0,False,laurenstarrette,0
mckennarybaltowski,,2088,1344,True,False,169,91,3,False,mckennarybaltowski,0
elizaamoore7,"free indeed!�
@_artbyeliza
@elizamoorephotos",1603,620,True,False,250,43,7,False,elizaamoore7,0
_chicken_fried_bryce_,"Clemson University || ΚΚΓ ☆
Chillax baby ain’t nuffin’ that serious�",4151,2229,True,False,133,66,5,False,_chicken_fried_bryce_,0
grace_zimmel,fearfully and wonderfully made | dtx → clemson ‘23 @clemsonalphaphi,1075,779,False,False,68,54,4,False,grace_zimmel,0
emmakatebanks,"make me worthy of Your calling 
CU ‘22 ΑΧΩ",1287,839,True,False,81,54,5,False,emmakatebanks,0
sheavillani,new jersey | clemson | zeta,1644,1013,True,False,100,35,3,False,sheavillani,0
ellisturner1,"greenville, sc || clemson ΔΔΔ",2388,1353,False,False,155,102,6,False,ellisturner1,0
rachelcking_,clemson nursing ‘23  ☆ @clemsontridelta,2077,879,True,False,270,85,7,False,rachelcking_,0
mograceyoder,"“go forth in the dance of the merrymakers” jeremiah 31:4
cu’22 // kd",1602,1592,False,False,353,69,0,False,mograceyoder,0
jglawrimore,"Clemson KΔ
☆ Make it Fun ☆",2925,1773,True,False,12,105,6,False,jglawrimore,0
_hannahjones,phl � clemson � zta ♛ @sixpackeats @get_rally,2333,1289,True,False,89,34,0,False,_hannahjones,0
megan_musick,Clemson'23 || ΚΔ,1650,1617,False,False,14,67,0,False,megan_musick,0
alexa_poulin,VA ☼ Clemson ‘23 ☼ ΧΩ,1973,1182,True,False,83,49,0,False,alexa_poulin,0
gracebrown_14,Clemson '21 // AXO,2442,1978,True,False,241,55,3,False,gracebrown_14,0
mills.marie,Clemson University   �  ΧΩ,1433,841,False,False,118,39,4,False,mills.marie,1
gracecburgin,Let the good times roll � @clemson_chio,1733,1340,False,False,332,50,7,False,gracecburgin,0
emjmerritt,"CU '23
@luandemjewelry",2430,989,True,False,228,37,0,False,emjmerritt,0
hbuxton,Clemson/ hey @grahamchitty,4207,1493,True,False,292,113,0,False,hbuxton,0
meredith.pool,"the cross before me, the world behind me 
clemson ‘23  ||  KΔ",1365,1354,False,False,57,88,3,False,meredith.pool,0
laurenkozuch,"CU ’22� 
☆ AΦ ☆",1344,1092,False,False,96,30,2,False,laurenkozuch,0
ginatecca,"san diego, ca // @clemsonalphaphi",1797,1138,False,False,106,52,0,False,ginatecca,1
gchamm,DE x Clemson x ∆∆∆,2111,1562,False,False,113,83,6,False,gchamm,0
ellievensel,"Clemson ‘23�
�ΠΒΦ
c.l. ��",1274,1126,False,False,120,38,2,False,ellievensel,0
nollkatie,Mary Katherine || Clemson ‘21,1602,1336,False,False,170,37,10,False,nollkatie,0
stewartbuxton_,"know your worth
@clemsontridelta 
@bumblehoney",1876,1150,False,False,85,86,7,False,stewartbuxton_,0
gracehassell,"NJ | GA
clemson’23 ♛ ZTA",1407,1029,False,False,35,64,4,False,gracehassell,0
sdeabreu,clemson ‘22  | @axoclemson,2430,1779,True,False,613,63,4,False,sdeabreu,0
suzannelafond,"charleston, sc ⋆ clemson ΑΦ ⋆ and if not, He is still good",1911,1466,True,False,44,42,4,False,suzannelafond,0
fosterwilley,"hilton head ☆ clemson 
@clemsontridelta
@bumblehoney",2083,1574,True,False,228,82,21,False,fosterwilley,0
lauren.poulin,see the good in things !!,1799,1042,True,False,172,5,4,False,lauren.poulin,0
laneyleschack,Clemson ‘21 ☆ DCP,1272,830,True,False,154,13,0,False,laneyleschack,0
_annagoodyear,� Clemson ΚΚΓ � Jeremiah 29:11,3186,1228,False,False,34,85,4,False,_annagoodyear,0
addielouthian,"clemson ‘23 | KKΓ
@shoplabeye⚡�",2371,1897,False,False,109,118,7,False,addielouthian,0
gillianbello,nj � clemson � kappa,1904,1617,True,False,28,63,0,False,gillianbello,1
lindsayyross,Clemson ☆ ΚΚΓ,1594,1106,False,False,38,110,6,False,lindsayyross,0
caroline_shanahann,Greenville | Clemson ☆ KD,1269,924,False,False,79,74,3,False,caroline_shanahann,0
defiancee,"Authenticity is beautiful !!
Clemson ‘23 || ΓΦΒ || count it all JOY",1114,646,False,False,63,34,14,False,defiancee,0
gloriagracemurray,Clemson ‘23 // ΔΔΔ,3091,1361,False,False,88,106,0,False,gloriagracemurray,0
rileywilson24,GVL x Clemson KKΓ,2987,1730,True,False,71,84,3,False,rileywilson24,0
__marymiller,Clemson University � ΚΚΓ,2396,984,False,False,62,44,5,False,__marymiller,0
jessiebowmann,atl | clemson | ΚΚΓ,1870,1294,False,False,58,97,0,False,jessiebowmann,0
georgiabmartin,"CLEMSON � ΑΧΩ 
@clemsonfieldhockey",1852,821,False,False,116,60,8,False,georgiabmartin,0
emilygaskins,"we know the transforming power of this special love, because it was lavishly given to us, along with the abundant grace of Jesus Christ.",4054,1162,False,False,823,34,6,False,emilygaskins,0
nicolelatourr,★★★ VA | UNIVERSITY OF TENNESSEE 22 | AXO ★★★,3613,1413,False,False,56,1,9,False,nicolelatourr,0
mgbell34,"So I will live for Him. 
Clemson || NC",1746,599,True,False,88,71,1,False,mgbell34,0
emily_skroly,"@kkgclemson 
Fort Mill SC",1988,843,True,False,296,55,0,False,emily_skroly,0
kenleyshaw,"@clemson_zeta �
@twinsgottaeat �",1728,913,False,False,50,46,8,False,kenleyshaw,0
cassidyycarroll,"NJ  |  Clemson ‘23 �
♛ zeta tau alpha",1632,860,False,False,75,24,1,False,cassidyycarroll,0
bb_dew,CHS | CU '23 ΔΔΔ,2276,1743,False,False,74,99,0,False,bb_dew,0
mckinleycain,Clemson University � KKΓ,4246,1145,False,False,142,68,1,False,mckinleycain,0
jordanbarnes10,★ ������� ����������’21 ★  @clemsonadpi,3294,1247,False,False,342,27,10,False,jordanbarnes10,0
kalyn.cothran,Clemson University ☆ KKΓ,2557,789,False,False,72,74,6,False,kalyn.cothran,0
abbieheffernann,Clemson �,3049,1654,False,False,148,66,5,False,abbieheffernann,0
sarahgracecalder,Gvl || CU ‘23,1484,937,False,False,103,60,2,False,sarahgracecalder,0
graceannebrown_,"~double name~
clemson ΔΔΔ",3374,927,False,False,313,81,7,False,graceannebrown_,0
lindsyfranzene,"dekalb il, clemson sc
☆ @clemsonkappadelta",2352,823,False,False,98,70,8,False,lindsyfranzene,0
libbymilano,maryland � clemson adpi,1739,841,False,False,36,38,0,False,libbymilano,0
emma_youngblood,"clemson university ‘23
in His presence there is fullness of joy",952,572,False,False,38,32,7,False,emma_youngblood,0
sidneybrusse,CHS � @KKGCLEMSON � @SBRUSSEART,3212,1550,False,False,214,121,8,False,sidneybrusse,0
